title,company,location,work_type,level,compensation,link,id,scraped_date
Senior AI Engineer,Metropolis Technologies,,,,,https://www.builtinla.com/job/senior-ai-engineer/9122136,9122136,2026-04-22
CTIO-AI Engineer-Sr Associate,PwC,,,,,https://www.builtinla.com/job/ctio-ai-engineer-sr-associate/8948911,8948911,2026-04-22
Principal AI Engineer – Automation & AI,eClinical Solutions,,,,,https://www.builtinla.com/job/director-enterprise-ai/8640302,8640302,2026-04-22
"AI Native Senior Engineer, Full Stack - Senior Associate",PwC,,,,,https://www.builtinla.com/job/ai-native-senior-engineer-full-stack-senior-assocate/8823028,8823028,2026-04-22
Staff Applied AI Engineer — Auggie Platform - US (Remote),Luxury Presence,,,,,https://www.builtinla.com/job/staff-applied-ai-engineer-auggie-platform-us-remote/8923443,8923443,2026-04-22
Staff AI Engineer - Applied AI (Remote),Rula,,,,,https://www.builtinla.com/job/staff-ai-engineer-applied-ai-remote/8921079,8921079,2026-04-22
Sr. AI Engineer,Rula,,,,,https://www.builtinla.com/job/sr-ai-engineer/8918113,8918113,2026-04-22
Staff Software Engineer - AI Website Builder - US (Remote),Luxury Presence,,,,,https://www.builtinla.com/job/staff-software-engineer-ai-website-builder-us-remote/9121540,9121540,2026-04-22
Staff Machine Learning Engineer - Edge AI,Samsara,,,,,https://www.builtinla.com/job/staff-machine-learning-engineer/7823375,7823375,2026-04-22
Senior AI Controls Solutions Engineer,Phaidra,,,,,https://www.builtinla.com/job/senior-ai-controls-solutions-engineer/9117118,9117118,2026-04-22
Applied AI Health System Engineer - Senior Manager,PwC,,,,,https://www.builtinla.com/job/applied-ai-health-system-engineer-senior-manager/9021332,9021332,2026-04-22
AI Engineer,Ceres Life Insurance Company,,,,,https://www.builtinla.com/job/ai-engineer/9119538,9119538,2026-04-22
Lead Gameplay AI Engineer,That's No Moon Entertainment,,,,,https://www.builtinla.com/job/lead-gameplay-ai-engineer/9119273,9119273,2026-04-22
Sr. Applied AI Engineer,Cordial,,,,,https://www.builtinla.com/job/sr-applied-ai-engineer/8895005,8895005,2026-04-22
"Sr. AI Engineer, Labs",Higharc,,,,,https://www.builtinla.com/job/sr-ai-engineer-labs/8891711,8891711,2026-04-22
"Applied AI Engineer, Small Market Growth & Revenue Systems",Foley,,,,,https://www.builtinla.com/job/applied-ai-engineer-small-market-growth-revenue-systems/9115343,9115343,2026-04-22
AI Engineer,JAMS Software,,,,,https://www.builtinla.com/job/ai-engineer/9115293,9115293,2026-04-22
"Software AI Engineer Mid-Level,  Context Engineering",WEX Inc.,,,,,https://www.builtinla.com/job/software-ai-engineer-mid-level-context-engineering/9114817,9114817,2026-04-22
Sr Software AI Engineer 3 - Context Engineering,WEX Inc.,,,,,https://www.builtinla.com/job/sr-software-ai-engineer-3-context-engineering/9114814,9114814,2026-04-22
"Sr Staff AI Engineer, Context Engineering",WEX Inc.,,,,,https://www.builtinla.com/job/sr-staff-ai-engineer-context-engineering/9114809,9114809,2026-04-22
"AI Engineer, Global Operations",Iron Mountain,,,,,https://www.builtinla.com/job/ai-engineer-global-operations/9114713,9114713,2026-04-22
AI Engineer - United States,Pulsora,,,,,https://www.builtinla.com/job/ai-engineer-united-states/9109762,9109762,2026-04-22
Applied AI Engineer - US,Pulsora,,,,,https://www.builtinla.com/job/applied-ai-engineer-us/9109763,9109763,2026-04-22
Founding AI Engineer,Shiplight AI,,,,,https://www.builtinla.com/job/founding-ai-engineer/9107716,9107716,2026-04-22
Staff AI Engineer - AI Creator,DataCamp,,,,,https://www.builtinla.com/job/staff-ai-engineer-ai-creator/8869242,8869242,2026-04-22
Principal AI Engineer - AI Creator,DataCamp,,,,,https://www.builtinla.com/job/principal-ai-engineer-ai-creator/8869248,8869248,2026-04-22
Senior Applied AI Engineer,Ascent.io,,,,,https://www.builtinla.com/job/senior-applied-ai-engineer/9104158,9104158,2026-04-22
"Senior AI Engineer, Agentic Systems",AI Technology Partners,,,,,https://www.builtinla.com/job/senior-ai-engineer-agentic-systems/9101202,9101202,2026-04-22
AI Engineer II,Axle Informatics,,,,,https://www.builtinla.com/job/ai-engineer-ii/9101006,9101006,2026-04-22
"Senior Staff AI Engineer, Generative AI Platforms",Faraday Future,,,,,https://www.builtinla.com/job/senior-manager-generative-ai-creative/9019656,9019656,2026-04-22
Senior ServiceNow AI Engineer,CVS Health,,,,,https://www.builtinla.com/job/senior-servicenow-ai-engineer/9007383,9007383,2026-04-22
Senior Machine Learning Engineer - Edge AI,Samsara,,,,,https://www.builtinla.com/job/senior-machine-learning-engineer/7439758,7439758,2026-04-22
Software Engineer - AI Commerce,Product.ai,,,,,https://www.builtinla.com/job/software-engineer-ai-commerce/8952761,8952761,2026-04-22
Senior AI Engineer,Q-Centrix,,,,,https://www.builtinla.com/job/senior-ai-engineer/9083035,9083035,2026-04-22
"Lead AI Engineer, NLQ & Agentic Systems",Upwork,,,,,https://www.builtinla.com/job/lead-data-engineer/8332456,8332456,2026-04-22
AI Engineer,Modern Relay,,,,,https://www.builtinla.com/job/ai-engineer/9076136,9076136,2026-04-22
Sr Staff AI Engineer,Penn Mutual,,,,,https://www.builtinla.com/job/sr-staff-ai-engineer/9071068,9071068,2026-04-22
Senior AI Engineer (Core) - Supernal,Infinity Constellation,,,,,https://www.builtinla.com/job/senior-ai-engineer-core-supernal/9064868,9064868,2026-04-22
"Principal Applied AI Engineer, Finance",Genesys,,,,,https://www.builtinla.com/job/principal-applied-ai-engineer-finance/9063392,9063392,2026-04-22
Applied AI Engineer,BJAK,,,,,https://www.builtinla.com/job/applied-ai-engineer/9061797,9061797,2026-04-22
"Sr. AI Engineer, Application Engineering",Elastic,,,,,https://www.builtinla.com/job/sr-application-engineer-automation-lead/8833527,8833527,2026-04-22
AI Engineer Trainee Program (No Coding Experience Needed),Flatiron School,,,,,https://www.builtinla.com/job/ai-engineer-trainee-program-no-coding-experience-needed/9054598,9054598,2026-04-22
Accelerated AI Engineer Apprenticeship - Bletchley Fellowship,Flatiron School,,,,,https://www.builtinla.com/job/accelerated-ai-engineer-apprenticeship-bletchley-fellowship/9054596,9054596,2026-04-22
Senior AI Engineer (USA - Remote),Gurobi Optimization,,,,,https://www.builtinla.com/job/senior-ai-engineer-usa-remote/8977832,8977832,2026-04-22
Agentic AI Engineer,Whitespace (inthewhitespace.com),,,,,https://www.builtinla.com/job/agentic-ai-engineer/9048995,9048995,2026-04-22
AI Engineer,Mento,,,,,https://www.builtinla.com/job/ai-engineer/9047393,9047393,2026-04-22
AI Engineer (Agents Lead),Tambo,,,,,https://www.builtinla.com/job/ai-engineer-agents-lead/9028310,9028310,2026-04-22
"AI Operations Engineer (Internal Agents & Workflow Automation) (Remote, US)",M-Files,,,,,https://www.builtinla.com/job/ai-operations-engineer-internal-agents-workflow-automation-remote-us/8971472,8971472,2026-04-22
"Staff Applied AI Engineer, AI Experiences & Agents",Linktree,,,,,https://www.builtinla.com/job/staff-applied-ai-engineer-ai-experiences-agents/8934174,8934174,2026-04-22
Senior AI Engineer,Revecore,,,,,https://www.builtinla.com/job/senior-ai-engineer/9019378,9019378,2026-04-22
AI Engineer III – AI Enablement,CareSource,,,,,https://www.builtinla.com/job/ai-engineer-iii/9016458,9016458,2026-04-22
Principal AI Engineer,VideoAmp,,,,,https://www.builtinla.com/job/principal-ai-engineer/8923292,8923292,2026-04-22
Applied AI Engineer,Foley,,,,,https://www.builtinla.com/job/applied-ai-engineer/9008266,9008266,2026-04-22
Applied AI Engineer,Future,,,,,https://www.builtinla.com/job/senior-ai-software-engineer/8995605,8995605,2026-04-22
Staff AI Engineer,SpotOn,,,,,https://www.builtinla.com/job/staff-ai-engineer/8977781,8977781,2026-04-22
AI & GTM Engineer,Serotonin,,,,,https://www.builtinla.com/job/ai-gtm-engineer/9107601,9107601,2026-04-22
"AI Engineer Intern, Database Performance Knowledge",Actian,,,,,https://www.builtinla.com/job/ai-engineer-intern-database-performance-knowledge/8971575,8971575,2026-04-22
AI Engineer – Marketing Operations,Cyera,,,,,https://www.builtinla.com/job/ai-engineer-marketing-operations/8966654,8966654,2026-04-22
Senior AI Engineer,Cellebrite,,,,,https://www.builtinla.com/job/senior-ai-engineer/8966221,8966221,2026-04-22
Applied AI Engineer,Cadence (cadence.care),,,,,https://www.builtinla.com/job/applied-ai-engineer/8962214,8962214,2026-04-22
Senior AI Engineer,Cadence (cadence.care),,,,,https://www.builtinla.com/job/senior-ai-engineer/8962200,8962200,2026-04-22
Staff Software Engineer - AI Marketing - US (Remote),Luxury Presence,,,,,https://www.builtinla.com/job/staff-software-engineer-ai-marketing-us-remote/8923434,8923434,2026-04-22
AI-Native Quality Engineer,Bestow,,,,,https://www.builtinla.com/job/ai-native-quality-engineer/8918988,8918988,2026-04-22
Senior Data & AI Engineer,Alvys,,,,,https://www.builtinla.com/job/senior-data-engineer/8709662,8709662,2026-04-22
Senior Software Engineer – AI & Workflow Automation,Deluxe Media Inc.,,,,,https://www.builtinla.com/job/senior-software-engineer-ai-workflow-automation/8844329,8844329,2026-04-22
Staff AI Engineer,SecurityScorecard,,,,,https://www.builtinla.com/job/staff-ai-engineer/8956504,8956504,2026-04-22
Senior AI Engineer,SecurityScorecard,,,,,https://www.builtinla.com/job/senior-ai-engineer/8956492,8956492,2026-04-22
AI Engineer,Sharebite,,,,,https://www.builtinla.com/job/ai-engineer/8953975,8953975,2026-04-22
Senior AI Engineer - Monetization Platform,Yahoo,,,,,https://www.builtinla.com/job/senior-ai-engineer-monetization-platform/8942702,8942702,2026-04-22
Agentic AI Engineer,Eigen Labs,,,,,https://www.builtinla.com/job/agentic-ai-engineer/8936191,8936191,2026-04-22
Staff Engineer - AI Engineer,Nagarro,,,,,https://www.builtinla.com/job/staff-engineer-ai-engineer/8934061,8934061,2026-04-22
Data & AI Engineer (Remote),FortifyIQ,,,,,https://www.builtinla.com/job/data-ai-engineer-remote/8931572,8931572,2026-04-22
Artificial Intelligence Engineer,InsightNext,,,,,https://www.builtinla.com/job/artificial-intelligence-engineer/8916754,8916754,2026-04-22
Senior Backend Engineer - AI Product,Re:Build Manufacturing,,,,,https://www.builtinla.com/job/senior-backend-engineer-ai-product/9032173,9032173,2026-04-22
Senior Frontend Engineer - AI Product,Re:Build Manufacturing,,,,,https://www.builtinla.com/job/senior-frontend-engineer-ai-product/9032158,9032158,2026-04-22
AI Engineer,Analytica,,,,,https://www.builtinla.com/job/ai-engineer/8903249,8903249,2026-04-22
Staff Software Engineer ( AI ),MeridianLink,,,,,https://www.builtinla.com/job/staff-software-engineer-ai/9118256,9118256,2026-04-22
AI Platform & Operations Engineer,Facet (facet.com),,,,,https://www.builtinla.com/job/ai-platform-operations-engineer/8889137,8889137,2026-04-22
AI Technology Support Engineer/Analyst,Amentum,,,,,https://www.builtinla.com/job/ai-technology-support-engineer-analyst/8892808,8892808,2026-04-22
Sr. AI/ML Engineer I (6475),MetroStar,,,,,https://www.builtinla.com/job/sr-ai-ml-engineer-i-6475/8894044,8894044,2026-04-22
Azure/AI DevOps Engineer III,Veeam,,,,,https://www.builtinla.com/job/azure-ai-devops-engineer-iii/9115746,9115746,2026-04-22
"Senior ML Engineer, Generative AI",Guidewire Software,,,,,https://www.builtinla.com/job/senior-ml-engineer-generative-ai/9114260,9114260,2026-04-22
Senior AI Software Engineer,Allstate,,,,,https://www.builtinla.com/job/senior-ai-software-engineer/8970148,8970148,2026-04-22
AI Agents CI/CD DevOps Engineer III,Veeam,,,,,https://www.builtinla.com/job/devops-engineer-iii/9112203,9112203,2026-04-22
"AI Native, Software Engineer",ConsumerAffairs,,,,,https://www.builtinla.com/job/ai-native-software-engineer/9107227,9107227,2026-04-22
Data & AI Platform Engineer,Brown and Caldwell,,,,,https://www.builtinla.com/job/data-ai-platform-engineer/9103096,9103096,2026-04-22
Forward Deployed AI Engineer/Data Scientist,Five9,,,,,https://www.builtinla.com/job/forward-deployed-ai-engineer-data-scientist/8898271,8898271,2026-04-22
Systems Development Engineer I (Advanced Robotics & AI Systems),Niagara Bottling,,,,,https://www.builtinla.com/job/systems-development-engineer-i-advanced-robotics-ai-systems/9008937,9008937,2026-04-22
"Senior Backend Engineer, AI",Slate,,,,,https://www.builtinla.com/job/senior-backend-engineer-ai/9031021,9031021,2026-04-22
Artificial Intelligence (“AI”) Solutions Engineer,Cooley,,,,,https://www.builtinla.com/job/artificial-intelligence-ai-solutions-engineer/9017972,9017972,2026-04-22
Artificial Intelligence Engineer,detections.ai,,,,,https://www.builtinla.com/job/artificial-intelligence-engineer/8896667,8896667,2026-04-22
"Senior Software Engineer, Gameplay Systems & AI - Unpublished R&D Product",Riot Games,,,,,https://www.builtinla.com/job/senior-software-engineer-gameplay-systems-ai-unpublished-r-d-product/9007523,9007523,2026-04-22
AI Solutions Engineer,Sophos,,,,,https://www.builtinla.com/job/ai-solutions-engineer/9088694,9088694,2026-04-22
AI Product Engineer,Guidewire Software,,,,,https://www.builtinla.com/job/ai-product-engineer/9088530,9088530,2026-04-22
"Senior Python Engineer, AI",eBay,,,,,https://www.builtinla.com/job/senior-python-engineer-ai/9088306,9088306,2026-04-22
Principal AI Software Engineer,AbsenceSoft,,,,,https://www.builtinla.com/job/principal-ai-software-engineer/9080330,9080330,2026-04-22
Prompt Engineer - AI Innovation Team - US,SitusAMC,,,,,https://www.builtinla.com/job/prompt-engineer-ai-innovation-team-us/9063546,9063546,2026-04-22
Software Engineer III (AI/ML),Guidewire Software,,,,,https://www.builtinla.com/job/software-engineer-iii-ai-ml/9061092,9061092,2026-04-22
Java Gen AI  Engineer,CrackaJack Digital Solutions,,,,,https://www.builtinla.com/job/java-gen-ai-engineer/9057553,9057553,2026-04-22
AI Go-to-Market Engineer,Flosum,,,,,https://www.builtinla.com/job/ai-go-market-engineer/9056395,9056395,2026-04-22
Senior Fullstack Engineer / AI,Bloom Growth,,,,,https://www.builtinla.com/job/senior-fullstack-engineer-ai/9055882,9055882,2026-04-22
"Software Engineer, AI Solutions",MNTN,,,,,https://www.builtinla.com/job/software-engineer-ai-solutions/9043789,9043789,2026-04-22
Senior Principal Software Engineer - AI tools and Adoption,Yahoo,,,,,https://www.builtinla.com/job/senior-principal-software-engineer-ai-tools-and-adoption/9042480,9042480,2026-04-22
AI Prompt Engineer,FreedomCare,,,,,https://www.builtinla.com/job/ai-prompt-engineer/9033827,9033827,2026-04-22
AI .NET Developer (Mid-Level),Tria Federal,,,,,https://www.builtinla.com/job/ai-net-developer/8956967,8956967,2026-04-22
"Senior IT Engineer, AI Enablement",Omada Health,,,,,https://www.builtinla.com/job/senior-it-engineer-ai-enablement/9028910,9028910,2026-04-22
"Staff Software Engineer, AI & Automation",Gladly,,,,,https://www.builtinla.com/job/staff-software-engineer-ai-automation/9028431,9028431,2026-04-22
Robotics & AI Systems Development Engineer II,Niagara Bottling,,,,,https://www.builtinla.com/job/robotics-ai-systems-development-engineer-ii/8888214,8888214,2026-04-22
"Staff Software Engineer, AI Tooling",Vast,,,,,https://www.builtinla.com/job/staff-software-engineer-ai-tooling/8936117,8936117,2026-04-22
"Software Engineer, AI, Platform",SmithRx,,,,,https://www.builtinla.com/job/software-engineer-ai-platform/9020602,9020602,2026-04-22
Staff AI Software Engineer,Fanduel,,,,,https://www.builtinla.com/job/staff-software-engineer/9020281,9020281,2026-04-22
Senior AI Software Engineer,Fanduel,,,,,https://www.builtinla.com/job/senior-software-ai-engineer/9020278,9020278,2026-04-22
Forward Deployed AI Product Engineer,phData,,,,,https://www.builtinla.com/job/forward-deployed-ai-product-engineer/8916225,8916225,2026-04-22
AI Analytics and Visualization Engineer,NVIDIA,,,,,https://www.builtinla.com/job/ai-analytics-and-visualization-engineer/9010742,9010742,2026-04-22
Senior AI/ML Engineer,Ford Motor Company,,,,,https://www.builtinla.com/job/senior-ai-ml-engineer/9007020,9007020,2026-04-22
AI Deployment Engineer,crewAI,,,,,https://www.builtinla.com/job/ai-deployment-engineer/9006342,9006342,2026-04-22
AI Enablement Engineer,Clover Health,,,,,https://www.builtinla.com/job/ai-tools-engineer/9004770,9004770,2026-04-22
AI Software Developer,Billhighway,,,,,https://www.builtinla.com/job/ai-software-developer/8996175,8996175,2026-04-22
Staff Software Engineer (AI CICD),Chainguard,,,,,https://www.builtinla.com/job/staff-software-engineer-ai-cicd/8993800,8993800,2026-04-22
"Senior Data Science Engineer, AI",Turquoise Health,,,,,https://www.builtinla.com/job/senior-data-science-engineer-ai/8989792,8989792,2026-04-22
AI Software Data Engineer US,TechTorch,,,,,https://www.builtinla.com/job/ai-software-data-engineer-us/8989716,8989716,2026-04-22
AI Data Engineer - Cortex AI,TechTorch,,,,,https://www.builtinla.com/job/ai-data-engineer-cortex-ai/8989715,8989715,2026-04-22
"Sr. Principal Engineer, AI",brightwheel,,,,,https://www.builtinla.com/job/sr-principal-engineer-ai/8980113,8980113,2026-04-22
Sr. Managed Services Engineer - AI & Copilot,SHI International Corp.,,,,,https://www.builtinla.com/job/sr-managed-services-engineer-ai-copilot/8978048,8978048,2026-04-22
Senior Software Engineer (Data & AI Solutions),Natera,,,,,https://www.builtinla.com/job/senior-software-engineer-data-ai-solutions/8966967,8966967,2026-04-22
AI Revenue Operations Engineer,4M Analytics,,,,,https://www.builtinla.com/job/ai-revenue-operations-engineer/8965746,8965746,2026-04-22
Senior AI-Enabled DevOps Engineer,PointClickCare,,,,,https://www.builtinla.com/job/senior-ai-enabled-devops-engineer/8935312,8935312,2026-04-22
Intermediate AI-Enabled DevOps Engineer,PointClickCare,,,,,https://www.builtinla.com/job/intermediate-ai-enabled-devops-engineer/8935311,8935311,2026-04-22
Gen AI Lead Developer,Hexaware Technologies,,,,,https://www.builtinla.com/job/gen-ai-lead-developer/8956865,8956865,2026-04-22
"Senior Staff Software Engineer, AI, Platform",SmithRx,,,,,https://www.builtinla.com/job/senior-staff-ai-software-engineer-platform/8955245,8955245,2026-04-22
"Senior Product Engineer, AI & Platforms",MJH Life Sciences,,,,,https://www.builtinla.com/job/senior-product-engineer-ai-platforms/8954725,8954725,2026-04-22
AI Forward-Deployed Engineer,RingCentral,,,,,https://www.builtinla.com/job/ai-forward-deployed-engineer/8953701,8953701,2026-04-22
"Senior Software Engineer, AI",Syllo,,,,,https://www.builtinla.com/job/senior-software-engineer-ai/8953269,8953269,2026-04-22
"Senior Machine Learning Engineer, Gen AI",Weave,,,,,https://www.builtinla.com/job/senior-machine-learning-engineer-gen-ai/8951342,8951342,2026-04-22
Founding Software Engineer - Agentic AI (Remote),Glacis,,,,,https://www.builtinla.com/job/founding-software-engineer-agentic-ai-remote/8950578,8950578,2026-04-22
Senior AI Automation Engineer - Internal Platform,phData,,,,,https://www.builtinla.com/job/senior-ai-automation-engineer-internal-platform/8949719,8949719,2026-04-22
Lead AI Solutions Engineer,DataRobot,,,,,https://www.builtinla.com/job/lead-pre-sales-applied-ai-expert/8467026,8467026,2026-04-22
Software Engineer - AI Productivity,Hightouch,,,,,https://www.builtinla.com/job/software-engineer-ai-productivity/8941340,8941340,2026-04-22
"Software Engineer, AI Agents",Hightouch,,,,,https://www.builtinla.com/job/software-engineer-ai-agents/7559850,7559850,2026-04-22
"Sr. Software Engineer (Back-End, Python, AI)",Alteryx,,,,,https://www.builtinla.com/job/sr-software-engineer-back-end-python-ai/8936212,8936212,2026-04-22
"Sr. Software Engineer (Front-End, JavaScript/TypeScript, React, AI)",Alteryx,,,,,https://www.builtinla.com/job/sr-software-engineer-front-end-javascript-typescript-react-ai/8936207,8936207,2026-04-22
AI Product Engineer,Raspberry AI,,,,,https://www.builtinla.com/job/ai-product-engineer/8923637,8923637,2026-04-22
AI Sim - Staff ML Research Engineer,SandboxAQ,,,,,https://www.builtinla.com/job/ai-sim-staff-ml-research-engineer/8922225,8922225,2026-04-22
Staff AI-Native Platform Engineer,Natera,,,,,https://www.builtinla.com/job/staff-ai-native-platform-engineer/8921216,8921216,2026-04-22
Intelligent Automation Developer II - UiPath/Agentic AI,CareSource,,,,,https://www.builtinla.com/job/intelligent-automation-developer-ii-uipath/8674680,8674680,2026-04-22
AI Product Engineer,Lightning Labs,,,,,https://www.builtinla.com/job/ai-special-projects-engineer/8917576,8917576,2026-04-22
"Full Stack Engineer, AI systems",BJAK,,,,,https://www.builtinla.com/job/full-stack-engineer-ai-systems/8899167,8899167,2026-04-22
"Software Engineer, Data & AI",Kinetic (kineticcomp.com),,,,,https://www.builtinla.com/job/software-engineer-data-ai/8896681,8896681,2026-04-22
"Engineering Manager, Developer Productivity AI",Stripe,,,,,https://www.builtinla.com/job/engineering-manager-developer-productivity-ai/8896574,8896574,2026-04-22
Senior AI Engineer,WONGDOODY,,,,,https://builtin.com/job/senior-ai-engineer-all-genders/9041514,9041514,2026-04-22
Senior AI Engineer (m/f/d),Voyfai,,,,,https://builtin.com/job/senior-ai-engineer-m-f-d/9028270,9028270,2026-04-22
Freelance - AI Engineer - Hole.io (1-month contract),Voodoo,,,,,https://builtin.com/job/freelance-ai-engineer-hole-io-1-month-contract/9027984,9027984,2026-04-22
Senior AI Engineer,SmartRecruiters,,,,,https://builtin.com/job/senior-ai-engineer/9108870,9108870,2026-04-22
Lead Agentic AI Engineer,Trimble,,,,,https://builtin.com/job/agentic-artificial-intelligence-engineer/8913269,8913269,2026-04-22
Senior Agentic AI Engineer,Trimble,,,,,https://builtin.com/job/agentic-artificial-intelligence-engineer/8915116,8915116,2026-04-22
Principal AI Developer Technology Engineer,NVIDIA,,,,,https://builtin.com/job/principal-ai-developer-technology-engineer/8926786,8926786,2026-04-22
AI Developer Technology Engineer,NVIDIA,,,,,https://builtin.com/job/ai-developer-technology-engineer/9067750,9067750,2026-04-22
AI Research Engineer,HASH,,,,,https://builtin.com/job/ai-research-engineer/8889975,8889975,2026-04-22
AI Success Engineer,HASH,,,,,https://builtin.com/job/ai-success-engineer/8889970,8889970,2026-04-22
"Go - Software Engineer, AI",G2i,,,,,https://builtin.com/job/go-software-engineer-ai/9113844,9113844,2026-04-22
"Ruby - Software Engineer, AI",G2i,,,,,https://builtin.com/job/ruby-software-engineer-ai/9113842,9113842,2026-04-22
"Python - Software Engineer, AI",G2i,,,,,https://builtin.com/job/python-software-engineer-ai/9113836,9113836,2026-04-22
"Java - Software Engineer, AI",G2i,,,,,https://builtin.com/job/java-software-engineer-ai/9113829,9113829,2026-04-22
"C++ - Software Engineer, AI",G2i,,,,,https://builtin.com/job/c-software-engineer-ai/9113824,9113824,2026-04-22
"Rust - Software Engineer, AI",G2i,,,,,https://builtin.com/job/rust-software-engineer-ai/9113821,9113821,2026-04-22
QA Engineer (AI Assistant Features),JetBrains,,,,,https://builtin.com/job/qa-engineer-ai-assistant-features/9099482,9099482,2026-04-22
AI Software Engineer – Python (m/f/x),Scalable Capital,,,,,https://builtin.com/job/ai-software-engineer-python-m-f-x/9096418,9096418,2026-04-22
Senior Data Engineer – AI AML Engineering,SumUp,,,,,https://builtin.com/job/senior-data-engineer/8593610,8593610,2026-04-22
AI Infrastructure Engineer,Intercom,,,,,https://builtin.com/job/ai-infrastructure-engineer/9081457,9081457,2026-04-22
Senior Machine Learning Engineer - AI Enabler Team,CAST AI,,,,,https://builtin.com/job/senior-machine-learning-engineer-ai-enabler-team/7750442,7750442,2026-04-22
Staff AI Platform Engineer,Bluefish,,,,,https://builtin.com/job/staff-applied-ai-engineer/9055246,9055246,2026-04-22
AI Research Engineer - Reinforcement Learning (100% remote Worldwide),Tether.io,,,,,https://builtin.com/job/ai-research-engineer-reinforcement-learning-100-remote-worldwide/9052548,9052548,2026-04-22
"Senior Sales Engineer, AI",NICE,,,,,https://builtin.com/job/senior-sales-engineer-ai/9117043,9117043,2026-04-22
Senior AI Backend Engineer,SumUp,,,,,https://builtin.com/job/senior-ai-backend-engineer/9010677,9010677,2026-04-22
Senior AI/ML Engineer (Spectrum),JetBrains,,,,,https://builtin.com/job/senior-ai-ml-engineer-spectrum/8990344,8990344,2026-04-22
Senior AI Enablement Engineer,GetYourGuide,,,,,https://builtin.com/job/senior-ai-enablement-engineer/8990334,8990334,2026-04-22
AI and Automation Engineer,CACI International Inc,,,,,https://builtin.com/job/ai-and-automation-engineer/9089934,9089934,2026-04-22
Backend Engineer (AI Agents/Workflows),Andercore,,,,,https://builtin.com/job/backend-engineer-ai-agents-workflows/8979302,8979302,2026-04-22
Research Engineer (Agentic Behavior – Kotlin AI Value Stream),JetBrains,,,,,https://builtin.com/job/research-engineer-agentic-behavior-kotlin-ai-value-stream/8943799,8943799,2026-04-22
Senior ML/AI Solutions Engineer (m/f/d),Moonfare,,,,,https://builtin.com/job/senior-ml-ai-solutions-engineer-m-f-d/8942316,8942316,2026-04-22
Staff AI Agent Engineer - Moveworks | Customer Deployment,ServiceNow,,,,,https://builtin.com/job/staff-ai-agent-engineer-moveworks-customer-deployment/9123300,9123300,2026-04-22
Senior AI Agent Engineer - Moveworks | Customer Deployment,ServiceNow,,,,,https://builtin.com/job/senior-ai-agent-engineer-moveworks-customer-deployment/9123304,9123304,2026-04-22
AI Engineer,Kaluza,,,,,https://builtin.com/job/ai-engineer/9124834,9124834,2026-04-22
"Full Stack AI Engineer (£70,000 + Equity) at CreateTOTALLY",Jack & Jill AI,,,,,https://builtin.com/job/full-stack-ai-engineer-70-000-equity-createtotally/9109445,9109445,2026-04-22
"Senior Systems Engineer, Workers AI",Cloudflare,,,,,https://builtin.com/job/senior-systems-engineer-workers-ai/8935697,8935697,2026-04-22
Senior AI Engineer,NewDay,,,,,https://builtin.com/job/senior-ai-engineer/9103350,9103350,2026-04-22
"Senior AI-Enabled Engineer, Vice President",BlackRock,,,,,https://builtin.com/job/senior-ai-enabled-engineer-vice-president/9051513,9051513,2026-04-22
"Senior Staff Generative AI Engineer, Vice President",Citi,,,,,https://builtin.com/job/senior-staff-generative-ai-engineer-vice-president/8691066,8691066,2026-04-22
"VP, Front End Engineer (AI Accelerated)",BlackRock,,,,,https://builtin.com/job/vp-front-end-engineer-ai-accelerated/9029316,9029316,2026-04-22
AI Engineer (£170k + Equity) at Gizmo.ai,Jack & Jill AI,,,,,https://builtin.com/job/ai-engineer-170k-equity-gizmo-ai/8853785,8853785,2026-04-22
Staff AI Engineer (£120k-150k + Equity) at Covecta,Jack & Jill AI,,,,,https://builtin.com/job/staff-ai-engineer-120k-150k-equity-covecta/9080893,9080893,2026-04-22
Principal Test AI Engineer,Cepheid,,,,,https://builtin.com/job/principal-test-ai-engineer/9073225,9073225,2026-04-22
Principal Test AI Engineer,Beckman Coulter Diagnostics,,,,,https://builtin.com/job/principal-test-ai-engineer/9072468,9072468,2026-04-22
Principal Test AI Engineer,Danaher Corporation,,,,,https://builtin.com/job/principal-test-ai-engineer/9069638,9069638,2026-04-22
AI Engineer,IFS,,,,,https://builtin.com/job/ai-engineer/9054194,9054194,2026-04-22
Applied AI Engineer,blp,,,,,https://builtin.com/job/applied-ai-engineer-z-rich/8563664,8563664,2026-04-22
Senior AI Engineer,PA Consulting,,,,,https://builtin.com/job/senior-ai-engineer/9033947,9033947,2026-04-22
AI Engineer - Generative & Agentic AI,BDO CANADA,,,,,https://builtin.com/job/ai-engineer-generative-agentic-ai/9030359,9030359,2026-04-22
Principal AI Engineer (GenAI Platforms & MLOps),Kantar,,,,,https://builtin.com/job/principal-engineering-lead-ai-enabled-solutions/9029788,9029788,2026-04-22
Founding AI Engineer (£100k–150k + Equity) at Pharosyn,Jack & Jill AI,,,,,https://builtin.com/job/founding-ai-engineer-100k-150k-equity-pharosyn/9023935,9023935,2026-04-22
Senior Applied AI Engineer,Forter,,,,,https://builtin.com/job/applied-ai-engineer/9000948,9000948,2026-04-22
AI Engineer at Tracelight,Jack & Jill AI,,,,,https://builtin.com/job/ai-engineer-tracelight/8991600,8991600,2026-04-22
Lead AI Engineer,Swap Commerce,,,,,https://builtin.com/job/lead-ai-engineer/8979193,8979193,2026-04-22
Senior AI Engineer,ASOS,,,,,https://builtin.com/job/senior-ai-engineer/8977088,8977088,2026-04-22
AI Engineer (£85K+ + Equity) at Stackfix,Jack & Jill AI,,,,,https://builtin.com/job/ai-engineer-85k-equity-stackfix/8940378,8940378,2026-04-22
AI Engineer,Electric Twin,,,,,https://builtin.com/job/ai-engineer/8926984,8926984,2026-04-22
Data & AI Engineer,Infopro Digital,,,,,https://builtin.com/job/data-ai-engineer/8925236,8925236,2026-04-22
AI Engineer,G-Research,,,,,https://builtin.com/job/ai-engineer/8902912,8902912,2026-04-22
AI Engineer at Lendable.co.uk,Jack & Jill AI,,,,,https://builtin.com/job/ai-engineer-lendable-co-uk/8901898,8901898,2026-04-22
"Software Engineer, AI Product (London, United Kingdom)",Figma,,,,,https://builtin.com/job/software-engineer-ai-product-london-united-kingdom/8891284,8891284,2026-04-22
AI Developer,TechTorch,,,,,https://builtin.com/job/ai-developer/8989713,8989713,2026-04-22
Senior AI Platform Engineer,hyperexponential,,,,,https://builtin.com/job/ai-engineer-platform-warsaw/8865957,8865957,2026-04-22
AI Platform Engineer,hyperexponential,,,,,https://builtin.com/job/ai-engineer-platform/8703106,8703106,2026-04-22
AI Native Software Engineer,Kaluza,,,,,https://builtin.com/job/ai-native-software-engineer/9110177,9110177,2026-04-22
Senior AI Engineer - UK remote,hyperexponential,,,,,https://builtin.com/job/senior-ai-engineer-uk-remote/8977857,8977857,2026-04-22
Partner AI Deployment Engineer - AWS,OpenAI,,,,,https://builtin.com/job/partner-ai-deployment-engineer-aws/9100081,9100081,2026-04-22
Staff Software Engineer – Agentic AI,The Trade Desk,,,,,https://builtin.com/job/staff-software-engineer-agentic-ai/9099984,9099984,2026-04-22
Senior Engineer (Full Stack & Infra) - AI Adoption,Multiverse,,,,,https://builtin.com/job/senior-engineer-full-stack-infra-ai-adoption/9098318,9098318,2026-04-22
"AIML Software Engineer, AI for Science",GSK,,,,,https://builtin.com/job/aiml-software-engineer-ai-science/8464497,8464497,2026-04-22
AI Automations Product Engineer,NineTwoThree AI Studio,,,,,https://builtin.com/job/ai-automations-product-engineer/9095943,9095943,2026-04-22
FX Client Platforms Software Engineer - AI Automation (VP),Citi,,,,,https://builtin.com/job/fx-client-platforms-software-engineer-ai-automation-vp/8948356,8948356,2026-04-22
Full Stack Engineer (£60k-£80k + Equity) at Lichen AI,Jack & Jill AI,,,,,https://builtin.com/job/full-stack-engineer-60k-80k-equity-lichen-ai/9080924,9080924,2026-04-22
AI/ML/Data Science Engineer,Formula 1,,,,,https://builtin.com/job/ai-ml-data-science-engineer/9078973,9078973,2026-04-22
"Senior software engineer, enterprise AI platform (UK)",Writer,,,,,https://builtin.com/job/senior-software-engineer-enterprise-ai-platform-uk/9070876,9070876,2026-04-22
Senior Developer (Application Modernization / AI Transformation),eClerx LLC,,,,,https://builtin.com/job/ai-augmented-senior-developer/9055849,9055849,2026-04-22
AI Inference Engineer QVAC (100% remote Worldwide),Tether.io,,,,,https://builtin.com/job/ai-inference-engineer-qvac-100-remote-worldwide/9052844,9052844,2026-04-22
AI Research Engineer - Pre training (100% Remote),Tether.io,,,,,https://builtin.com/job/ai-research-engineer-pre-training-100-remote/9052792,9052792,2026-04-22
Developer Relations AI (100% remote Worldwide),Tether.io,,,,,https://builtin.com/job/developer-relations-ai-100-remote-worldwide/9052734,9052734,2026-04-22
Senior AI Inference Engineer (100% Remote),Tether.io,,,,,https://builtin.com/job/senior-ai-inference-engineer-100-remote/9052682,9052682,2026-04-22
AI Video Research Engineer Intern,Tether.io,,,,,https://builtin.com/job/ai-video-research-engineer-intern/9052674,9052674,2026-04-22
AI Research Engineer - Pre training (100% remote Worldwide),Tether.io,,,,,https://builtin.com/job/ai-research-engineer-pre-training-100-remote-worldwide/9052645,9052645,2026-04-22
AI & Optimization Engineer (100% Remote),Tether.io,,,,,https://builtin.com/job/ai-optimization-engineer-100-remote/9052620,9052620,2026-04-22
Developer Relations AI (100% remote),Tether.io,,,,,https://builtin.com/job/developer-relations-ai-100-remote/9052562,9052562,2026-04-22
Senior Infrastructure Engineer (AI-First),MUBI,,,,,https://builtin.com/job/senior-infrastructure-engineer-ai-first/8945561,8945561,2026-04-22
AI Solutions Developer,Too Good To Go,,,,,https://builtin.com/job/ai-solutions-developer/9051656,9051656,2026-04-22
Senior Salesforce Engineer (AI Enabled),DeepL,,,,,https://builtin.com/job/salesforce-engineer/8470183,8470183,2026-04-22
Principal Software Engineer (AI),Danaher Corporation,,,,,https://builtin.com/job/principal-software-engineer-ai/9041443,9041443,2026-04-22
Principal Software Engineer (AI),Beckman Coulter Diagnostics,,,,,https://builtin.com/job/principal-software-engineer-ai/9039251,9039251,2026-04-22
Principal Software Engineer (AI),Cepheid,,,,,https://builtin.com/job/principal-software-engineer-ai/9038938,9038938,2026-04-22
AI and DevOps Platform Support Engineer - Vice President,Citi,,,,,https://builtin.com/job/ai-and-devops-platform-support-engineer-vice-president/8788555,8788555,2026-04-22
AI deployment engineer (UK),Writer,,,,,https://builtin.com/job/ai-deployment-engineer-uk/9034103,9034103,2026-04-22
Python Developer - AI,Global,,,,,https://builtin.com/job/python-developer/8692301,8692301,2026-04-22
AI Web Designer/Developer,SheMed,,,,,https://builtin.com/job/ai-web-designer-developer/9026910,9026910,2026-04-22
Forward Deployment Engineer - Agentic AI,Diligent,,,,,https://builtin.com/job/technical-pre-sales-prototyper-forward-deployment-engineer/8775074,8775074,2026-04-22
AI Product Engineer (Agents),V7,,,,,https://builtin.com/job/ai-product-engineer-agents/9000855,9000855,2026-04-22
"Senior Software Engineer, AI Centre of Excellence",Checkout.com,,,,,https://builtin.com/job/senior-software-engineer-ai-centre-excellence/8995077,8995077,2026-04-22
Research Engineer - AI Team,hyperexponential,,,,,https://builtin.com/job/research-engineer-ai-team/8994217,8994217,2026-04-22
Python Engineer - AI & LLMs,Modo Energy,,,,,https://builtin.com/job/python-engineer-ai-llms/8990649,8990649,2026-04-22
AI Software Developer,WorldQuant,,,,,https://builtin.com/job/ai-software-developer/8989376,8989376,2026-04-22
Platform Engineer - Generative AI,Uncountable Inc,,,,,https://builtin.com/job/platform-engineer-generative-ai/8986880,8986880,2026-04-22
Senior Fullstack Engineer - Admin/AI,Midnite,,,,,https://builtin.com/job/senior-fullstack-engineer-admin-ai/9084666,9084666,2026-04-22
Lead Backend Engineer - AI,Midnite,,,,,https://builtin.com/job/lead-backend-engineer-ai/9084624,9084624,2026-04-22
"Senior Software Engineer - Build AI Tools (Python, GoLang)",Citi,,,,,https://builtin.com/job/senior-software-engineer-build-ai-tools-python-golang/8926576,8926576,2026-04-22
"Staff / Principal Research Engineer, AI Safety, Technical Mitigations",Lila Sciences,,,,,https://builtin.com/job/staff-principal-engineer-technical-mitigations-research/8981454,8981454,2026-04-22
AI Go-to-Market Engineer (UK),Flosum,,,,,https://builtin.com/job/ai-go-market-engineer-uk/9056396,9056396,2026-04-22
Senior Backend Engineer - AI Platform (f/m/d),Contentful,,,,,https://builtin.com/job/senior-backend-engineer-ai-platform-f-m-d/8950758,8950758,2026-04-22
Lead Backend Engineer at LightWork AI,Jack & Jill AI,,,,,https://builtin.com/job/lead-backend-engineer-lightwork-ai/8928853,8928853,2026-04-22
Software Engineer - AI,G-Research,,,,,https://builtin.com/job/software-engineer-ai/8921898,8921898,2026-04-22
Senior Software Engineer - ML/AI,Adyen,,,,,https://builtin.com/job/senior-software-engineer-ml-ai/9124757,9124757,2026-04-22
AI Engineer,Riverflex,,,,,https://builtin.com/job/ai-engineer/9082883,9082883,2026-04-22
Senior Backend Engineer (Go) | Studio AI,Creative Fabrica,,,,,https://builtin.com/job/senior-backend-engineer-go-studio-ai/9110023,9110023,2026-04-22
AI Full Stack/Product Engineer,Riverflex,,,,,https://builtin.com/job/ai-full-stack-product-engineer/9082874,9082874,2026-04-22
AI Design Engineer,DataSnipper,,,,,https://builtin.com/job/ai-design-engineer/9079845,9079845,2026-04-22
AI Go-to-Market Engineer (Netherlands),Flosum,,,,,https://builtin.com/job/ai-go-market-engineer-netherlands/9056377,9056377,2026-04-22
"Senior Product Engineer AI (remote, UTC-3 to UTC+3)",Checkly,,,,,https://builtin.com/job/senior-product-engineer-ai-remote-utc-3-utc-3/8927788,8927788,2026-04-22
Lead Java and Agentic AI Engineer - Capital Markets,Wells Fargo,,,,,https://builtin.com/job/lead-java-and-agentic-ai-engineer-capital-markets/9122896,9122896,2026-04-22
"Lead AI Engineer (MLX, Agentic AI, Gen AI platform Services)",Capital One,,,,,https://builtin.com/job/lead-ai-engineer/8857708,8857708,2026-04-22
"Lead AI Engineer ( MLX, Gen AI Platform Services, Agentic AI)",Capital One,,,,,https://builtin.com/job/lead-ai-engineer/8857714,8857714,2026-04-22
Senior Lead AI Engineer,Capital One,,,,,https://builtin.com/job/senior-lead-ai-engineer/8836814,8836814,2026-04-22
Senior AI Engineer,ZS,,,,,https://builtin.com/job/senior-engineer/8237390,8237390,2026-04-22
Head of AI Developer Platform,BlackRock,,,,,https://builtin.com/job/head-ai-developer-platform/9031697,9031697,2026-04-22
Distinguished AI Engineer,Capital One,,,,,https://builtin.com/job/distinguished-ai-engineer/9006205,9006205,2026-04-22
"Lead AI Engineer (AI Foundations, LLM Core and Agentic AI)",Capital One,,,,,https://builtin.com/job/lead-ai-engineer-ai-foundations-llm-core-and-agentic-ai/7630264,7630264,2026-04-22
"Senior Lead AI Engineer (Gen AI Platform Services, Agentic AI)",Capital One,,,,,https://builtin.com/job/senior-lead-ai-engineer-gen-ai-platform-services-agentic-ai/8978116,8978116,2026-04-22
Lead AI Engineer (AI Foundations),Capital One,,,,,https://builtin.com/job/lead-ai-engineer-ai-foundations/8959417,8959417,2026-04-22
Sr. Lead AI Engineer (AI Foundations),Capital One,,,,,https://builtin.com/job/sr-lead-ai-engineer-ai-foundations/8943678,8943678,2026-04-22
Senior AI Engineer - Detect,Sage,,,,,https://builtin.com/job/senior-ai-engineer-detect/8919979,8919979,2026-04-22
Senior Associate - AI Solutions Intelligence Engineer,New York Life Insurance Company,,,,,https://builtin.com/job/senior-associate-ai-solutions-intelligence-engineer/9103692,9103692,2026-04-22
AI Forward Deployed Engineer,Regal,,,,,https://builtin.com/job/ai-forward-deployed-engineer/9103432,9103432,2026-04-22
Staff Applied AI/ML Engineer,Gusto,,,,,https://builtin.com/job/staff-applied-ai-ml-engineer/8945920,8945920,2026-04-22
"Lead Software Engineer, DevOps / MLOps (Agentic Workflows, AI/ML Guardrails, Kubernetes, Python, AWS)",Capital One,,,,,https://builtin.com/job/lead-software-engineer-devops-intelligent-foundations-experiences/7925687,7925687,2026-04-22
AI Engineer,Patlytics,,,,,https://builtin.com/job/ai-engineer/9119928,9119928,2026-04-22
Applied AI Engineer,PermitFlow,,,,,https://builtin.com/job/applied-ai-engineer/9116946,9116946,2026-04-22
Staff Cyber Security Engineer (AI),NBCUniversal,,,,,https://builtin.com/job/staff-cyber-security-engineer-ai/9064780,9064780,2026-04-22
"Applied AI Innovation Engineer, Vice President",BlackRock,,,,,https://builtin.com/job/applied-ai-business-innovation-vice-president/9029320,9029320,2026-04-22
"AI Engineer II, Go-To-Market",Ridgeline,,,,,https://builtin.com/job/software-engineer-ii-go-market/8817241,8817241,2026-04-22
Senior Applied AI Engineer,Komodo Health,,,,,https://builtin.com/job/senior-applied-ai-engineer/9088700,9088700,2026-04-22
Applied AI Engineer,Luminai,,,,,https://builtin.com/job/applied-ai-engineer/8833199,8833199,2026-04-22
Principal Forward Deployed AI Engineer,Turing,,,,,https://builtin.com/job/principal-forward-deployed-ai-engineer/9060244,9060244,2026-04-22
"Data AI Engineer, Dir, P4",Morgan Stanley,,,,,https://builtin.com/job/data-ai-engineer-dir-p4/9059197,9059197,2026-04-22
"Senior AI Engineer, AI Labs",Via,,,,,https://builtin.com/job/senior-ai-engineer-ai-labs/9057238,9057238,2026-04-22
Senior AI Implementation Engineer - Moveworks (Federal),ServiceNow,,,,,https://builtin.com/job/senior-ai-implementation-engineer-moveworks-federal/9011577,9011577,2026-04-22
Staff AI Implementation Engineer - Moveworks,ServiceNow,,,,,https://builtin.com/job/staff-ai-implementation-engineer-moveworks/9011567,9011567,2026-04-22
Sr Staff Cyber Security Engineer (AI),NBCUniversal,,,,,https://builtin.com/job/sr-staff-cyber-security-engineer-ai/9007864,9007864,2026-04-22
"Sr. Software Engineer, Service Reliability - AI Detection & Response",CrowdStrike,,,,,https://builtin.com/job/sr-software-engineer-service-reliability-ai-detection-response/9005966,9005966,2026-04-22
"Software Engineer, AI (Senior, Back End)",Kustomer,,,,,https://builtin.com/job/software-engineer-ai-senior-back-end/9005612,9005612,2026-04-22
Sr. Full Stack AI Engineer,"The Hartford Financial Services Group, Inc.",,,,,https://builtin.com/job/sr-full-stack-ai-engineer/9044373,9044373,2026-04-22
"Senior Software Engineer, Applied AI",CoreWeave,,,,,https://builtin.com/job/senior-software-engineer-applied-ai/8995103,8995103,2026-04-22
"Software Engineer, AI Workflows",Notion,,,,,https://builtin.com/job/software-engineer-ai-workflows/8985481,8985481,2026-04-22
AI Engineer Intern,Chubb,,,,,https://builtin.com/job/ai-engineer-intern/8731676,8731676,2026-04-22
AI Engineer,ReadMe,,,,,https://builtin.com/job/ai-engineer/9009587,9009587,2026-04-22
"Associate Director, AI Engineer",Dentsu Creative,,,,,https://builtin.com/job/associate-director-ai-engineer/8972129,8972129,2026-04-22
"Staff Applied AI Engineer, Enterprise GenAI",Scale AI,,,,,https://builtin.com/job/staff-applied-ai-engineer-enterprise-genai/9007209,9007209,2026-04-22
"2026 AI Engineer Intern, Long/Short Equities",Point72,,,,,https://builtin.com/job/2026-ai-engineer-intern-long-short-equities/9005746,9005746,2026-04-22
"Associate Director, AI Engineer",dentsu,,,,,https://builtin.com/job/associate-director-ai-engineer/8966361,8966361,2026-04-22
AI Engineer,Joyful Health,,,,,https://builtin.com/job/machine-learning-engineer/8989828,8989828,2026-04-22
Staff Software Engineer (AI Infrastructure/Python),NBCUniversal,,,,,https://builtin.com/job/staff-software-engineer-ai-infrastructure-python/8950781,8950781,2026-04-22
Junior AI Engineer,eClerx LLC,,,,,https://builtin.com/job/junior-ai-engineer/8981900,8981900,2026-04-22
Senior AI Operations Engineer,Justworks,,,,,https://builtin.com/job/senior-ai-operations-engineer/8932875,8932875,2026-04-22
"Software Engineer, AI SDK",Vercel,,,,,https://builtin.com/job/software-engineer-ai-sdk/8926437,8926437,2026-04-22
"Software Engineer, AI Gateway",Vercel,,,,,https://builtin.com/job/software-engineer-ai-gateway/8926425,8926425,2026-04-22
GTM AI Engineer,Zenity,,,,,https://builtin.com/job/gtm-ai-engineer/8966286,8966286,2026-04-22
AI Product Engineer,Camber,,,,,https://builtin.com/job/ai-product-engineer/8910399,8910399,2026-04-22
AI Systems Engineer,Trail of Bits,,,,,https://builtin.com/job/ai-systems-engineer/8900052,8900052,2026-04-22
Senior AI Engineer,Intapp,,,,,https://builtin.com/job/senior-ai-engineer/8942953,8942953,2026-04-22
Applied AI Engineer,WithCoverage,,,,,https://builtin.com/job/applied-ai-engineer/8941828,8941828,2026-04-22
AI Developer Experience Engineer,Crosby,,,,,https://builtin.com/job/ai-developer-experience-engineer/8919023,8919023,2026-04-22
Senior AI Product & Research Engineer (Consultant),Version 1,,,,,https://builtin.com/job/senior-ai-product-research-engineer-consultant/9123547,9123547,2026-04-22
Founding AI Engineer,Jetty (myjettyhealth.com),,,,,https://builtin.com/job/founding-ai-engineer/8900506,8900506,2026-04-22
"Staff Software Engineer, Applied AI (Forward Deployed)",Invisible Technologies,,,,,https://builtin.com/job/staff-software-engineer-applied-ai-forward-deployed/8891026,8891026,2026-04-22
"Senior Software Engineer, Data & AI",Vendelux,,,,,https://builtin.com/job/senior-software-engineer-data-ai/8894981,8894981,2026-04-22
Senior AI/ML Engineer: Python & Scientific Computing,Swayable,,,,,https://builtin.com/job/senior-ai-ml-engineer-python-scientific-computing/8890880,8890880,2026-04-22
Applied AI Inference Engineer,Baseten,,,,,https://builtin.com/job/applied-ai-inference-engineer/9116098,9116098,2026-04-22
AI Solutions Engineer,Baseten,,,,,https://builtin.com/job/ai-solutions-engineer/9116097,9116097,2026-04-22
Staff Engineer - AI,Wonder,,,,,https://builtin.com/job/staff-engineer-ai/9112818,9112818,2026-04-22
Founding AI Engineer,Interface,,,,,https://builtin.com/job/founding-ai-engineer/8897942,8897942,2026-04-22
Software Engineer - AI (Legal) – CoCounsel Forward Deployed Engineering,Thomson Reuters,,,,,https://builtin.com/job/software-engineer-ai-legal-cocounsel-forward-deployed-engineering/9090356,9090356,2026-04-22
Senior Software Engineer (AI/ML),Morgan Stanley,,,,,https://builtin.com/job/senior-software-engineer-ai-ml/9058848,9058848,2026-04-22
Founding Engineer (Applied AI & ML Ops),Solstice Health,,,,,https://builtin.com/job/founding-engineer-applied-ai-ml-ops/9076065,9076065,2026-04-22
AI Design Engineer,Solstice Health,,,,,https://builtin.com/job/ai-design-engineer/9076062,9076062,2026-04-22
Solutions Engineer (AI Enterprise SaaS),EvolutionIQ,,,,,https://builtin.com/job/solutions-engineer-ai-enterprise-saas/9075810,9075810,2026-04-22
Staff Software Engineer - AI Platform (NYC),Databricks,,,,,https://builtin.com/job/staff-software-engineer-ai-platform-nyc/9066563,9066563,2026-04-22
Staff Software Engineer - AI Product (NYC),Databricks,,,,,https://builtin.com/job/staff-software-engineer-ai-product-nyc/9066545,9066545,2026-04-22
Senior Software Engineer - AI Product (NYC),Databricks,,,,,https://builtin.com/job/senior-software-engineer-ai-product-nyc/9066543,9066543,2026-04-22
Senior Software Engineer - AI Platform (NYC),Databricks,,,,,https://builtin.com/job/senior-software-engineer-ai-platform-nyc/9066540,9066540,2026-04-22
Applied AI Software Engineer (All Levels),Blossom Health,,,,,https://builtin.com/job/applied-ai-software-engineer-all-levels/9060377,9060377,2026-04-22
AI Platform Engineer - VP,Morgan Stanley,,,,,https://builtin.com/job/ai-platform-engineer-vp/9059624,9059624,2026-04-22
AI Platform Engineer - Vice President,Morgan Stanley,,,,,https://builtin.com/job/ai-platform-engineer-vice-president/9059014,9059014,2026-04-22
Platform Solutions Engineer - Knowledge Management & AI Integration,Morgan Stanley,,,,,https://builtin.com/job/platform-solutions-engineer-knowledge-management-ai-integration/9058828,9058828,2026-04-22
Staff AI/ML Engineer,Tetrix Inc,,,,,https://builtin.com/job/staff-ai-ml-engineer/9056256,9056256,2026-04-22
AI Support Engineer,Cognition,,,,,https://builtin.com/job/ai-support-engineer/9055434,9055434,2026-04-22
AI Research Engineer - Pre training,Tether.io,,,,,https://builtin.com/job/ai-research-engineer-pre-training/9052895,9052895,2026-04-22
"Senior Backend Software Engineer, AI Observability & Evals Platform (LangSmith)",LangChain,,,,,https://builtin.com/job/backend-engineer-observability-evals-platform/7033254,7033254,2026-04-22
Partner AI Deployment Engineer,OpenAI,,,,,https://builtin.com/job/partner-solutions-architect/6988464,6988464,2026-04-22
AI-Native Data Platform Engineer,Farther,,,,,https://builtin.com/job/ai-native-data-platform-engineer/9044622,9044622,2026-04-22
Data Engineer (Gen AI),Interactive Brokers,,,,,https://builtin.com/job/data-engineer-gen-ai/9042646,9042646,2026-04-22
Senior Staff Software Engineer – Agentic AI,Bread Financial,,,,,https://builtin.com/job/senior-staff-software-engineer-agentic-ai/9038966,9038966,2026-04-22
AI deployment engineer (US),Writer,,,,,https://builtin.com/job/ai-deployment-engineer-us/9034073,9034073,2026-04-22
AI and FSI Developer Technology Engineer - New College Grad 2026,NVIDIA,,,,,https://builtin.com/job/ai-and-fsi-developer-technology-engineer-new-college-grad-2026/9010743,9010743,2026-04-22
"Software Engineer, AI Automation",Paces,,,,,https://builtin.com/job/software-engineer-ai-automation/9021503,9021503,2026-04-22
Senior AI and FSI Developer Technology Engineer,NVIDIA,,,,,https://builtin.com/job/senior-ai-and-fsi-developer-technology-engineer/9017187,9017187,2026-04-22
Founding Engineer ($125K - $200K + Equity) at Seed-stage healthtech AI platform,Jack & Jill AI,,,,,https://builtin.com/job/founding-engineer-125k-200k-equity-seed-stage-healthtech-ai-platform/9002028,9002028,2026-04-22
"Software Engineer, Forward Deployed AI",Ramp,,,,,https://builtin.com/job/software-engineer-forward-deployed/7390727,7390727,2026-04-22
Founding Applied AI Product Engineer,Pear VC,,,,,https://builtin.com/job/founding-product-engineer/8260152,8260152,2026-04-22
"Forward Deployed Sustainability Engineer, Sustainability AI",Watershed,,,,,https://builtin.com/job/forward-deployed-sustainability-engineer-sustainability-ai/8956210,8956210,2026-04-22
AI Solutions Engineer - Remote,Finn Partners,,,,,https://builtin.com/job/ai-solutions-engineer-remote/8948628,8948628,2026-04-22
"Software Engineer, Applied AI",Auctor,,,,,https://builtin.com/job/software-engineer-applied-ai/8938220,8938220,2026-04-22
AI-Native Mobile & Product Engineer,Atlas Obscura,,,,,https://builtin.com/job/ai-native-mobile-product-engineer/8937242,8937242,2026-04-22
AI Enablement Engineer,Valon,,,,,https://builtin.com/job/ai-enablement-engineer/8922885,8922885,2026-04-22
"Lead Engineer, AI-Native Product Development",Kroll,,,,,https://builtin.com/job/lead-engineer-ai-native-product-development/8920249,8920249,2026-04-22
"Senior Engineer, AI-Orchestrated Full Stack Development",Kroll,,,,,https://builtin.com/job/senior-engineer-ai-orchestrated-full-stack-development/8920245,8920245,2026-04-22
AI Mobile Engineer,Polymarket,,,,,https://builtin.com/job/ios-engineer-ai/8908280,8908280,2026-04-22
Software Engineer (AI Agents),Akur8,,,,,https://builtin.com/job/software-engineer-ai-agents/8906007,8906007,2026-04-22
AI Infrastructure Engineer,Percepta AI,,,,,https://builtin.com/job/ai-infrastructure-engineer/8905037,8905037,2026-04-22
AI Infrastructure Engineer,vCluster,,,,,https://builtin.com/job/ai-infrastructure-specialist/8904868,8904868,2026-04-22
Software Engineer - AI,Niva,,,,,https://builtin.com/job/software-engineer-ai/8897925,8897925,2026-04-22
"FullStack Engineer,  AI Observability & Evals Platform (LangSmith)",LangChain,,,,,https://builtin.com/job/full-stack-engineer-observability-evals-platform-langsmith/7033267,7033267,2026-04-22
Integration Engineer – Microsoft Graph & Enterprise AI Systems,FGS Global,,,,,https://builtin.com/job/integration-engineer-microsoft-graph-enterprise-ai-systems/8348590,8348590,2026-04-22
Senior AI Engineer II,MetLife,,,,,https://builtin.com/job/senior-ai-engineer-ii/8887682,8887682,2026-04-22
Lead Applied AI Engineer (Value Engineering) - Scale,Celonis,,,,,https://builtin.com/job/lead-value-engineer-scale/8874741,8874741,2026-04-22
Staff AI Engineer / Lead AI Engineer,Rapid7,,,,,https://builtin.com/job/staff-ai-engineer-lead-ai-engineer/9100328,9100328,2026-04-22
Lead ML & AI Engineer,HERE Technologies,,,,,https://builtin.com/job/lead-ml-ai-engineer/8848795,8848795,2026-04-22
Sr ML & AI Engineer,HERE Technologies,,,,,https://builtin.com/job/sr-ml-ai-engineer/8975677,8975677,2026-04-22
Senior Applied AI Engineer (Value Engineering) - EMEA/UKIE,Celonis,,,,,https://builtin.com/job/senior-value-engineer/8584320,8584320,2026-04-22
AI Engineer - Machine Learning,ZS,,,,,https://builtin.com/job/ai-engineer-machine-learning/9070571,9070571,2026-04-22
Applied AI Engineer (Hybrid),CrowdStrike,,,,,https://builtin.com/job/applied-ai-engineer-hybrid/9006059,9006059,2026-04-22
Senior AI Developer,BlackLine,,,,,https://builtin.com/job/senior-ai-developer/8989058,8989058,2026-04-22
Principal AI Engineer,Mastercard,,,,,https://builtin.com/job/principal-ai-engineer/8981010,8981010,2026-04-22
Lead AI Engineer,Mastercard,,,,,https://builtin.com/job/lead-ai-engineer/8969388,8969388,2026-04-22
Applied AI Engineer,Celonis,,,,,https://builtin.com/job/applied-ai-engineer/8942471,8942471,2026-04-22
Senior AI Engineer,Mastercard,,,,,https://builtin.com/job/senior-ai-engineer/8935058,8935058,2026-04-22
Associate AI-ML Engineer (Perception/Gen AI),Boeing,,,,,https://builtin.com/job/associate-ai-ml-engineer-perception-gen-ai/9123354,9123354,2026-04-22
Experienced Software Engineer-AI Application,Boeing,,,,,https://builtin.com/job/experienced-software-engineer-ai-application/9123299,9123299,2026-04-22
AI Engineer I - 10.1,MetLife,,,,,https://builtin.com/job/ai-engineer-i-10-1/8900551,8900551,2026-04-22
Senior AI Engineer I,MetLife,,,,,https://builtin.com/job/senior-ai-engineer-i/8900553,8900553,2026-04-22
Junior Software Engineer - AI Services,SmartBear,,,,,https://builtin.com/job/junior-software-engineer-ai-services/8982603,8982603,2026-04-22
Senior AI/ML Engineer,Optum,,,,,https://builtin.com/job/senior-ai-ml-engineer/9116232,9116232,2026-04-22
Full Stack developer - AI,Capco,,,,,https://builtin.com/job/full-stack-developer-ai/9112406,9112406,2026-04-22
Staff Software Engineer (Java/Python with AI),Uniphore,,,,,https://builtin.com/job/staff-software-engineer-java-python-ai/9109443,9109443,2026-04-22
AI/ML Engineer,Optum,,,,,https://builtin.com/job/ai-ml-engineer/9058638,9058638,2026-04-22
"Senior Software Engineer, Python & Gen AI",Wells Fargo,,,,,https://builtin.com/job/senior-software-engineer-python-gen-ai/9094728,9094728,2026-04-22
"Senior Software Engineer(Java Full Stack, Gen AI)",Wells Fargo,,,,,https://builtin.com/job/senior-software-engineer-java-full-stack-gen-ai/9094726,9094726,2026-04-22
Senior Software Engineer -Java with Gen AI,Wells Fargo,,,,,https://builtin.com/job/senior-software-engineer-java-gen-ai/9038111,9038111,2026-04-22
"Senior Software Engineer - Java Fullstack, Gen AI",Wells Fargo,,,,,https://builtin.com/job/senior-software-engineer-java-fullstack-gen-ai/9093549,9093549,2026-04-22
"Manager, DS & AI Full Stack Engineer",Pfizer,,,,,https://builtin.com/job/manager-ds-ai-full-stack-engineer/9088750,9088750,2026-04-22
Lead Software Engineer - AI/ML,Boeing,,,,,https://builtin.com/job/lead-software-engineer-ai-ml/8436078,8436078,2026-04-22
Principal AI Engineer,Bristol Myers Squibb,,,,,https://builtin.com/job/principal-ai-engineer/9124888,9124888,2026-04-22
Sr AI Developer - Director- Software Engineering,Morgan Stanley,,,,,https://builtin.com/job/sr-ai-developer-director-software-engineering/9124544,9124544,2026-04-22
Generative AI Engineer,Sia Partners,,,,,https://builtin.com/job/generative-ai-engineer/9124272,9124272,2026-04-22
Senior AI Engineer,Esko,,,,,https://builtin.com/job/senior-ai-engineer/9120781,9120781,2026-04-22
Senior Full Stack JavaScript AI Developer,Medtronic,,,,,https://builtin.com/job/senior-full-stack-javascript-developer/8714855,8714855,2026-04-22
Senior AI Engineer (Agents),Workato,,,,,https://builtin.com/job/senior-ai-engineer-agents/8888712,8888712,2026-04-22
AI & Automation Engineer - Workato,Nasuni,,,,,https://builtin.com/job/ai-automation-engineer-workato/8690471,8690471,2026-04-22
AI Engineer - India,Pulsora,,,,,https://builtin.com/job/ai-engineer-india/9109761,9109761,2026-04-22
"AI Engineer, AS",Deutsche Bank,,,,,https://builtin.com/job/ai-engineer/8999350,8999350,2026-04-22
AI Backend Python Engineer (Software Engineer II) - Evergreen REQ,Pfizer,,,,,https://builtin.com/job/ai-backend-python-engineer-software-engineer-ii-evergreen-req/8890812,8890812,2026-04-22
Software Engineer (AI Backend Services) - Evergreen Role,Pfizer,,,,,https://builtin.com/job/software-engineer-ai-backend-services-evergreen-role/8890833,8890833,2026-04-22
IT Automation and AI Engineer,Okta,,,,,https://builtin.com/job/application-development-analyst/8874570,8874570,2026-04-22
Cloud Platform & AI Engineer,Ciena,,,,,https://builtin.com/job/cloud-platform-ai-engineer/8961318,8961318,2026-04-22
Lead AI Engineer,Equifax Inc.,,,,,https://builtin.com/job/lead-ai-engineer/8997754,8997754,2026-04-22
AI Engineer - Manager,Brookfield Asset Management Inc.,,,,,https://builtin.com/job/ai-engineer-manager/9101111,9101111,2026-04-22
Senior AI Engineer Specialist,Esko,,,,,https://builtin.com/job/senior-ai-engineer-specialist/9100232,9100232,2026-04-22
"AI Engineer (Gen AI, Python, C#, JavaScript, Angular)",S&P Global,,,,,https://builtin.com/job/ai-developer-gen-ai-python-c-javascript-angular/8242822,8242822,2026-04-22
Applied AI Engineer - DFT Methodology,NVIDIA,,,,,https://builtin.com/job/applied-ai-engineer-dft-methodology/9099612,9099612,2026-04-22
Principal Software Engineer (Java/Go with AI),Uniphore,,,,,https://builtin.com/job/principal-software-engineer-java-go-ai/8344076,8344076,2026-04-22
Senior AI Engineer,Ecolab,,,,,https://builtin.com/job/senior-ai-engineer/9096373,9096373,2026-04-22
Lead AI Engineer- DevOps,Ecolab,,,,,https://builtin.com/job/lead-ai-engineer-devops/9096372,9096372,2026-04-22
Staff AI Engineer,Pattern,,,,,https://builtin.com/job/staff-ai-engineer/9096220,9096220,2026-04-22
Principal AI Engineer,Ecolab,,,,,https://builtin.com/job/principal-ai-engineer/8862227,8862227,2026-04-22
Principal Java Full Stack Engineer with AI and Python,Optum,,,,,https://builtin.com/job/principal-java-full-stack-engineer-ai-and-python/9030956,9030956,2026-04-22
Senior AI ML Engineer,Optum,,,,,https://builtin.com/job/senior-ai-ml-engineer/9030869,9030869,2026-04-22
AI ML Engineer,Optum,,,,,https://builtin.com/job/ai-ml-engineer/9030863,9030863,2026-04-22
"AI or ML Engineer - G25, 26, 27, 28, 29, 30",Optum,,,,,https://builtin.com/job/ai-or-ml-engineer-g25-26-27-28-29-30/9030566,9030566,2026-04-22
Gen AI Engineer - Assistant Vice President,Citi,,,,,https://builtin.com/job/gen-ai-engineer-assistant-vice-president/8583741,8583741,2026-04-22
Senior AI Engineer,ChargePoint,,,,,https://builtin.com/job/ai-engineer/9079891,9079891,2026-04-22
AI Engineer,Version 1,,,,,https://builtin.com/job/ai-engineer/9079631,9079631,2026-04-22
AI Engineer,Automation Anywhere,,,,,https://builtin.com/job/ai-engineer/9079114,9079114,2026-04-22
Sr. AI Engineer,Automation Anywhere,,,,,https://builtin.com/job/sr-ai-engineer/9079110,9079110,2026-04-22
Lead AI Engineer,Saviynt,,,,,https://builtin.com/job/principal-technical-support-engineer/8581827,8581827,2026-04-22
"Staff Backend Engineer, SSCS: AI Governance",GitLab,,,,,https://builtin.com/job/staff-backend-engineer-sscs-ai-governance/9021208,9021208,2026-04-22
"Senior Backend Engineer, SSCS: AI Governance",GitLab,,,,,https://builtin.com/job/senior-backend-engineer-sscs-ai-governance/9021209,9021209,2026-04-22
Lead AI Engineer,Ingram Micro,,,,,https://builtin.com/job/lead-ai-engineer/9066301,9066301,2026-04-22
Senior AI Engineer,Jeeves,,,,,https://builtin.com/job/senior-ai-engineer/9065037,9065037,2026-04-22
Staff AI Engineer Director,dentsu,,,,,https://builtin.com/job/staff-ai-engineer-director/8915431,8915431,2026-04-22
Staff AI Engineer Director,Dentsu Creative,,,,,https://builtin.com/job/staff-ai-engineer-director/8962380,8962380,2026-04-22
Principal AI Engineer - Frontier Data,Turing,,,,,https://builtin.com/job/principal-ai-engineer-frontier-data/9060252,9060252,2026-04-22
Staff Gen AI Engineer,Turing,,,,,https://builtin.com/job/staff-gen-ai-engineer/9060256,9060256,2026-04-22
Python Gen AI developer - Vice President - Software Engineering,Morgan Stanley,,,,,https://builtin.com/job/python-gen-ai-developer-vice-president-software-engineering/9059010,9059010,2026-04-22
"AI Developer | Onsite, Noida | Open to India-based candidates only","Infopro Learning, Inc",,,,,https://builtin.com/job/ai-developer-onsite-noida-open-india-based-candidates-only/9054419,9054419,2026-04-22
Lead AI Engineer,Razorpay,,,,,https://builtin.com/job/lead-ai-engineer/9053124,9053124,2026-04-22
Lead AI Engineer - Vice President,Citi,,,,,https://builtin.com/job/lead-ai-engineer-vice-president/9052395,9052395,2026-04-22
Principal AI Engineer,Backbase,,,,,https://builtin.com/job/principal-ai-engineer/9049780,9049780,2026-04-22
Senior AI Engineer,Yuno,,,,,https://builtin.com/job/senior-ai-engineer/9049723,9049723,2026-04-22
Senior Software Engineer - AI,SmartBear,,,,,https://builtin.com/job/senior-software-engineer-ai/8991690,8991690,2026-04-22
Escalation Engineer - AI Security,Zscaler,,,,,https://builtin.com/job/escalation-engineer-ai-security/8989578,8989578,2026-04-22
"Applied AI Engineer, AI Surfaces",OpenGov,,,,,https://builtin.com/job/applied-ai-engineer-ai-surfaces/9028321,9028321,2026-04-22
Staff AI Engineer,PayPal,,,,,https://builtin.com/job/staff-ai-engineer/9025219,9025219,2026-04-22
AI Engineer (GDC)-65727,Hitachi,,,,,https://builtin.com/job/ai-engineer-gdc-65727/9024828,9024828,2026-04-22
Associate - AI Integration Engineer,BlackRock,,,,,https://builtin.com/job/associate-ai-integration-engineer/8974985,8974985,2026-04-22
"Intermediate Backend Engineer, SSCS: AI Governance",GitLab,,,,,https://builtin.com/job/intermediate-backend-engineer-sscs-ai-governance/8971326,8971326,2026-04-22
Senior Generative AI Engineer - Vice President,Citi,,,,,https://builtin.com/job/senior-generative-ai-engineer-vice-president/9011493,9011493,2026-04-22
Automation and AI Developer,Thomson Reuters,,,,,https://builtin.com/job/automation-and-ai-developer/9006361,9006361,2026-04-22
AI Engineer,"DATAMAXIS, Inc",,,,,https://builtin.com/job/ai-engineer/9000661,9000661,2026-04-22
Senior Gen AI Developer - Vice President,Citi,,,,,https://builtin.com/job/senior-gen-ai-developer-vice-president/8989370,8989370,2026-04-22
ML/AI Engineer- Azure,Lingaro,,,,,https://builtin.com/job/ml-ai-engineer-azure/8999700,8999700,2026-04-22
Senior Principal Data and AI Engineer- R&D IT,NXP Semiconductors,,,,,https://builtin.com/job/it-architect-data-and-ai-r-d-it/8887579,8887579,2026-04-22
Moveworks AI Developer,Johnson Controls,,,,,https://builtin.com/job/moveworks-ai-developer/8987966,8987966,2026-04-22
"ML/AI Engineer - GCP, Azure",Lingaro,,,,,https://builtin.com/job/ml-ai-engineer-gcp-azure/8987781,8987781,2026-04-22
Senior AI Developer,Movado Group,,,,,https://builtin.com/job/senior-ai-developer/8986760,8986760,2026-04-22
"AI Enabled Full stack Engineer, Aladdin Engineering, Vice President",BlackRock,,,,,https://builtin.com/job/vice-president-application-engineer/8559594,8559594,2026-04-22
Senior AI Engineer – Applied AI (Python / LLM / RAG),Accelya,,,,,https://builtin.com/job/senior-engineer-ai/8976178,8976178,2026-04-22
AI Engineer,Ford Motor Company,,,,,https://builtin.com/job/ai-engineer/8976069,8976069,2026-04-22
AI Developer,Orion Innovation,,,,,https://builtin.com/job/developer-low-internal-coi-india-103667/8974874,8974874,2026-04-22
Agentic AI Engineer,Kyndryl,,,,,https://builtin.com/job/agentic-ai-engineer/8973733,8973733,2026-04-22
Senior Artificial Intelligence Engineer,"Ameriprise Financial Services, LLC",,,,,https://builtin.com/job/senior-artificial-intelligence-engineer/8918962,8918962,2026-04-22
Software Engineer - AI Platform,Motive,,,,,https://builtin.com/job/backend-engineer-ai-vision/8923605,8923605,2026-04-22
Sr AI ML Developer,TransUnion,,,,,https://builtin.com/job/sr-ai-ml-developer/8913529,8913529,2026-04-22
"Senior Ai Engineer - Riyadh,KSA",DeepSource,,,,,https://builtin.com/job/senior-ai-engineer-riyadh-ksa/8959601,8959601,2026-04-22
AI Engineer,S&P Global,,,,,https://builtin.com/job/python-software-engineer/8644207,8644207,2026-04-22
AI Developer,CAI (cai.io).,,,,,https://builtin.com/job/ai-developer/7228128,7228128,2026-04-22
Lead AI Engineer,Sutherland,,,,,https://builtin.com/job/lead-ai-engineer/8938228,8938228,2026-04-22
Senior Artificial Intelligence Engineer,RBFCU Wealth Management,,,,,https://builtin.com/job/senior-artificial-intelligence-engineer/8916680,8916680,2026-04-22
Applied AI Engineer - GCP Vertex AI or AWS Bedrock,Appian Corporation,,,,,https://builtin.com/job/applied-ai-engineer-gcp-vertex-ai-or-aws-bedrock/8929452,8929452,2026-04-22
AI Engineer,Ecolab,,,,,https://builtin.com/job/ai-engineer/8671435,8671435,2026-04-22
"AI Engineer – Python, AWS Bedrock, Generative AI, LangChain & Serverless Architect",Synechron,,,,,https://builtin.com/job/ai-engineer-python-aws-bedrock-generative-ai-langchain-serverless-architect/8911845,8911845,2026-04-22
AI Engineer - Full-Stack & Applied UI,Reltio,,,,,https://builtin.com/job/ai-engineer-full-stack-applied-ui/8911050,8911050,2026-04-22
Senior AI Engineer (Voice Agents),Workato,,,,,https://builtin.com/job/senior-ai-engineer-voice-agents/8910961,8910961,2026-04-22
Senior/Lead- AI Developer,Ciena,,,,,https://builtin.com/job/senior-lead-ai-developer/8888362,8888362,2026-04-22
Principal AI Engineer,Alkami,,,,,https://builtin.com/job/principal-ai-engineer/8904199,8904199,2026-04-22
Staff AI Engineer,Alkami,,,,,https://builtin.com/job/staff-ai-engineer/8904198,8904198,2026-04-22
AI Engineer / Senior AI Engineer,Blue Matter,,,,,https://builtin.com/job/ai-engineer-senior-ai-engineer/8903314,8903314,2026-04-22
Application Production Support Engineer - Generative AI Tools,Citi,,,,,https://builtin.com/job/application-production-support-engineer-generative-ai-tools/9124602,9124602,2026-04-22
AI / ML Engineer,Accenture,,,,,https://builtin.com/job/ai-ml-engineer/9124501,9124501,2026-04-22
"AI/ML Data Engineer | Unstructured Data, PySpark, Vector Search, Retrieval-Augmented Generation (RAG), Cloud (AWS/Azure/GCP)",Synechron,,,,,https://builtin.com/job/ai-ml-data-engineer-unstructured-data-pyspark-vector-search-retrieval-augmented-generation-rag-cloud-aws-azure-gcp/9124237,9124237,2026-04-22
AI and Machine Learning Engineer,Hewlett Packard Enterprise,,,,,https://builtin.com/job/ai-and-machine-learning-engineer/9123849,9123849,2026-04-22
Staff Software Engineer - AI I,Thomson Reuters,,,,,https://builtin.com/job/staff-software-engineer-ai-i/9123837,9123837,2026-04-22
Senior Lead Software Engineer - AI,Thomson Reuters,,,,,https://builtin.com/job/senior-lead-software-engineer-ai/9123825,9123825,2026-04-22
Principal Solution Engineer - AI and Data Cloud,Salesforce,,,,,https://builtin.com/job/principal-solution-engineer-ai-and-data-cloud/9123555,9123555,2026-04-22
Senior AI Systems Engineer,Infrrd,,,,,https://builtin.com/job/senior-ai-systems-engineer/9123062,9123062,2026-04-22
"AI Principal Engineer, VP",NatWest Group,,,,,https://builtin.com/job/ai-principal-engineer-vp/9123013,9123013,2026-04-22
Senior Software Engineer - AI/ML,Gartner,,,,,https://builtin.com/job/sr-software-engineer-machine-learning-pytorch-pyspark/8934511,8934511,2026-04-22
Staff AI Fullstack Engineer,Globalization Partners,,,,,https://builtin.com/job/staff-ai-fullstack-engineer/9118663,9118663,2026-04-22
Senior Machine Learning Engineer (Full-Stack Gen AI & Agentic Systems),Expedia Group,,,,,https://builtin.com/job/senior-machine-learning-engineer-full-stack-gen-ai-agentic-systems/9018591,9018591,2026-04-22
Machine Learning Engineer III (Full-Stack Gen AI & Agentic Systems),Expedia Group,,,,,https://builtin.com/job/machine-learning-engineer-iii-full-stack-gen-ai-agentic-systems/9018592,9018592,2026-04-22
"Software Development Engineer III, AI Platform - Finance Products",Expedia Group,,,,,https://builtin.com/job/software-development-engineer-iii-ai-platform-finance-products/9018540,9018540,2026-04-22
"Software Development Engineer II, AI Platform – Finance Products",Expedia Group,,,,,https://builtin.com/job/software-development-engineer-ii-ai-platform-finance-products/9097088,9097088,2026-04-22
Principal Software Development Engineer - Gen AI,Expedia Group,,,,,https://builtin.com/job/principal-software-development-engineer-gen-ai/9118061,9118061,2026-04-22
AI Engineer,Huron,,,,,https://builtin.com/job/ai-engineer/7882717,7882717,2026-04-22
AI GTM Engineer,Firework,,,,,https://builtin.com/job/ai-gtm-engineer/9116799,9116799,2026-04-22
"Lead Application Development Engineer, Generative AI Products - Senior Vice President",Citi,,,,,https://builtin.com/job/lead-application-development-engineer-generative-ai-products-senior-vice-president/9116157,9116157,2026-04-22
Foundational Engineer - AI & Machine Learning,Harman,,,,,https://builtin.com/job/foundational-engineer-ai-machine-learning/9114789,9114789,2026-04-22
Senior Engineer - AI & ML,Deluxe,,,,,https://builtin.com/job/senior-engineer-ai-ml/9113411,9113411,2026-04-22
AI/ML Developer II,TP,,,,,https://builtin.com/job/ai-ml-developer-ii/9112761,9112761,2026-04-22
Principal Engineer – AI Specialist,F5,,,,,https://builtin.com/job/principal-engineer-ai-specialist/9112412,9112412,2026-04-22
"AI Software Engineer, VP",NatWest Group,,,,,https://builtin.com/job/ai-software-engineer-vp/9112365,9112365,2026-04-22
Senior Enterprise Software Engineer -AI Operations,Wolters Kluwer,,,,,https://builtin.com/job/senior-enterprise-software-engineer-ai-operations/9111098,9111098,2026-04-22
"Senior Engineer, AI/Machine Learning",Edwards Lifesciences,,,,,https://builtin.com/job/senior-engineer-ai-machine-learning/9109622,9109622,2026-04-22
AI Lead Engineer,Dentsu Creative,,,,,https://builtin.com/job/ai-lead-engineer/9067743,9067743,2026-04-22
AI Lead Engineer,dentsu,,,,,https://builtin.com/job/ai-lead-engineer/9066928,9066928,2026-04-22
AI/ML Engineer,Chubb,,,,,https://builtin.com/job/ai-ml-engineer/9106072,9106072,2026-04-22
Senior Principal AI/ML Engineer,Chubb,,,,,https://builtin.com/job/senior-principal-ai-ml-engineer/9106109,9106109,2026-04-22
Senior AI/ML Engineer II,Chubb,,,,,https://builtin.com/job/senior-ai-ml-engineer-ii/9106062,9106062,2026-04-22
Senior Developer - AI Threat Intel Platform,Arctic Wolf,,,,,https://builtin.com/job/senior-developer-ai-threat-intel-platform/9104524,9104524,2026-04-22
Offshore - AI Solutions Engineer,Smartbridge,,,,,https://builtin.com/job/offshore-ai-solutions-engineer/9102554,9102554,2026-04-22
"AI/ML Data Engineer | Unstructured Data, PySpark, Python, Vector Search, RAG Architectures, Cloud (GCP/AWS)",Synechron,,,,,https://builtin.com/job/ai-ml-data-engineer-unstructured-data-pyspark-python-vector-search-rag-architectures-cloud-gcp-aws/9097298,9097298,2026-04-22
Principal Engineer - AI/ML - Computer Vision,Inari Medical,,,,,https://builtin.com/job/principal-engineer-ai-ml-computer-vision/9097179,9097179,2026-04-22
Principal Engineer - AI/ML - Computer Vision,Stryker,,,,,https://builtin.com/job/principal-engineer-ai-ml-computer-vision/9096440,9096440,2026-04-22
Senior Java Developer (with Gen AI),S&P Global,,,,,https://builtin.com/job/senior-java-developer-gen-ai/9095550,9095550,2026-04-22
AI/ML Engineer(GenAI),A.P. Moller - Maersk,,,,,https://builtin.com/job/ai-ml-engineer-genai/9094966,9094966,2026-04-22
Senior Software Engineer- AI,Guidewire Software,,,,,https://builtin.com/job/senior-software-engineer-ai/8846854,8846854,2026-04-22
Software Engineer in Test III- Agentic AI,TraceLink,,,,,https://builtin.com/job/software-engineer-test-iii/8835953,8835953,2026-04-22
Senior Software Engineer in Test - Agentic AI,TraceLink,,,,,https://builtin.com/job/software-engineer-test-senior/8835284,8835284,2026-04-22
AI Automation Engineer,StockX,,,,,https://builtin.com/job/ai-automation-engineer/8840679,8840679,2026-04-22
"Principal Engineer, Applied AI",Barclays,,,,,https://builtin.com/job/principal-engineer-applied-ai/9086996,9086996,2026-04-22
"Senior Software Engineer, AI Enablement",Fortive,,,,,https://builtin.com/job/senior-software-engineer-ai-enablement/9084765,9084765,2026-04-22
Senior AI/ML Engineer,Fortive,,,,,https://builtin.com/job/senior-ai-ml-engineer/9084727,9084727,2026-04-22
Machine Learning Engineer (MLOps & AI Infrastructure),Roche,,,,,https://builtin.com/job/machine-learning-engineer-mlops-ai-infrastructure/9083459,9083459,2026-04-22
Senior AI/ ML Platform Engineer Specialist,Esko,,,,,https://builtin.com/job/senior-ai-ml-platform-engineer-specialist/9083422,9083422,2026-04-22
"Senior Staff Engineer, PLM, AI ML Integration",Nagarro,,,,,https://builtin.com/job/senior-staff-engineer-plm-ai-ml-integration/9079814,9079814,2026-04-22
Agentic AI Systems Engineer,Applied Materials,,,,,https://builtin.com/job/agentic-ai-systems-engineer/9079589,9079589,2026-04-22
Senior Software Engineer - AI II,Thomson Reuters,,,,,https://builtin.com/job/senior-software-engineer-ai-ii/8901803,8901803,2026-04-22
Sr. Data Engineer - AI ML,Assent,,,,,https://builtin.com/job/sr-data-engineer-ai-ml/9079393,9079393,2026-04-22
"Python Developer | AI/ML, Backend APIs, Cloud (AWS/Azure), Data Processing, Scalable Solutions",Synechron,,,,,https://builtin.com/job/python-developer-ai-ml-backend-apis-cloud-aws-azure-data-processing-scalable-solutions/9078590,9078590,2026-04-22
Senior PIM & AI Solutions Engineer,Johnson Controls,,,,,https://builtin.com/job/senior-pim-ai-solutions-engineer/9078567,9078567,2026-04-22
Software Engineer - AI,Anaplan,,,,,https://builtin.com/job/software-engineer-ai/9077686,9077686,2026-04-22
Lead Quality Development (SDET) Engineer-Gen AI,Aeris Communications,,,,,https://builtin.com/job/lead-quality-development-engineer/8248746,8248746,2026-04-22
AI Deployment Engineer - Codex | APAC,OpenAI,,,,,https://builtin.com/job/ai-deployment-engineer-codex-apac/9071338,9071338,2026-04-22
Lead Software Engineer (Sr AI Architect),Nielsen,,,,,https://builtin.com/job/lead-software-engineer-sr-ai-architect/9068304,9068304,2026-04-22
"AI/ML Developer | Generative AI, Cloud (AWS, GCP), RAG Architectures, Python & Frameworks",Synechron,,,,,https://builtin.com/job/ai-ml-developer-generative-ai-cloud-aws-gcp-rag-architectures-python-frameworks/9067809,9067809,2026-04-22
Senior Software Engineer - AI,Anaplan,,,,,https://builtin.com/job/senior-software-engineer-ai/9066120,9066120,2026-04-22
Application Production Support Engineer Generative AI,Citi,,,,,https://builtin.com/job/application-production-support-engineer-generative-ai/9065869,9065869,2026-04-22
"Engineer II, AI/Machine Learning",Edwards Lifesciences,,,,,https://builtin.com/job/engineer-ii-ai-machine-learning/9064902,9064902,2026-04-22
Senior AI/ML Engineer - R01563569,Brillio,,,,,https://builtin.com/job/senior-ai-ml-engineer-r01563569/9061296,9061296,2026-04-22
"Sr Software Engineer I, Tech Lead (.NET & AI)",Zinnia (zinnia.com),,,,,https://builtin.com/job/sr-software-engineer-i-tech-lead/8560201,8560201,2026-04-22
"Software Engineer (AI, Data & Agentic Systems)_Director_Software Engineering",Morgan Stanley,,,,,https://builtin.com/job/software-engineer-ai-data-agentic-systems-director-software-engineering/9059367,9059367,2026-04-22
Gen AI Python Developer – Assistant Vice President,Citi,,,,,https://builtin.com/job/gen-ai-python-developer-assistant-vice-president/9057883,9057883,2026-04-22
Senior AI/ML Engineer,TransPerfect,,,,,https://builtin.com/job/senior-ai-ml-engineer/9057021,9057021,2026-04-22
Senior Software Engineer (AI/ML),Ontic,,,,,https://builtin.com/job/senior-software-engineer-ai-ml/9057011,9057011,2026-04-22
Java Developer (with Gen AI),S&P Global,,,,,https://builtin.com/job/java-developer-gen-ai/9055866,9055866,2026-04-22
Software Developer - AzurionEye AI Analyst,Philips,,,,,https://builtin.com/job/software-developer-azurioneye-ai-analyst/8905658,8905658,2026-04-22
Software test engineer - AzurionEye AI Analyst,Philips,,,,,https://builtin.com/job/software-test-engineer-azurioneye-ai-analyst/8905670,8905670,2026-04-22
AI - Senior Systems Support Engineer,Akamai Technologies,,,,,https://builtin.com/job/ai-senior-systems-support-engineer/9051689,9051689,2026-04-22
Lead Java Developer (with Gen AI),S&P Global,,,,,https://builtin.com/job/lead-java-developer-gen-ai/9051542,9051542,2026-04-22
Generative AI/LLM Engineer,Synechron,,,,,https://builtin.com/job/sr-associate-genai-engineering/8646304,8646304,2026-04-22
Applied AI/ML Engineer,Hitachi,,,,,https://builtin.com/job/applied-ai-ml-engineer/9049876,9049876,2026-04-22
Senior Engineer - AI Studio (SEG),Presidio,,,,,https://builtin.com/job/senior-engineer-ai-studio-seg/9049129,9049129,2026-04-22
"Senior Software Engineer, RAG and Agentic AI",NVIDIA,,,,,https://builtin.com/job/senior-software-engineer-rag-and-agentic-ai/9043432,9043432,2026-04-22
Lead Engineer - Gen AI,Target,,,,,https://builtin.com/job/lead-engineer-gen-ai/9041988,9041988,2026-04-22
Senior Staff Software Engineer (AI/ML),Experian,,,,,https://builtin.com/job/senior-staff-software-engineer-ai-ml/9039808,9039808,2026-04-22
Engineer II - AI Specialist,F5,,,,,https://builtin.com/job/engineer-ii-ai-specialist/9039330,9039330,2026-04-22
Engineer III - AI Specialist,F5,,,,,https://builtin.com/job/engineer-iii-ai-specialist/9039297,9039297,2026-04-22
"Senior Software Engineer in AI – FrontEnd React/Redux, Java",Five9,,,,,https://builtin.com/job/senior-software-engineer-ai-frontend-react-redux-java/9037887,9037887,2026-04-22
"Senior Software Engineer in AI - Java Spring, Backend",Five9,,,,,https://builtin.com/job/senior-software-engineer-ai-java-spring-backend/9037886,9037886,2026-04-22
Senior AI Applied Software Engineer,Backbase,,,,,https://builtin.com/job/senior-ai-applied-software-engineer/9037234,9037234,2026-04-22
Principal AI/ML Engineer,Sabre Corporation,,,,,https://builtin.com/job/principle-ai-ml-engineer/9036673,9036673,2026-04-22
AI/ML Engineer,Sabre Corporation,,,,,https://builtin.com/job/ai-ml-engineer/9036657,9036657,2026-04-22
"Senior Engineer, Agentic AI",Circles (circles.co),,,,,https://builtin.com/job/senior-engineer-agentic-ai/9035825,9035825,2026-04-22
Principal Software Engineer – AI Systems for Engineering Workflows,Emerson,,,,,https://builtin.com/job/principal-software-engineer-ai-systems-engineering-workflows/9028398,9028398,2026-04-22
AI Solution Engineer,Diligent,,,,,https://builtin.com/job/ai-solution-engineer/9025019,9025019,2026-04-22
"Full Stack Developer with Emerging Technologies (Blockchain, AI, IoT) and Cloud Expertise",Synechron,,,,,https://builtin.com/job/full-stack-developer-emerging-technologies-blockchain-ai-iot-and-cloud-expertise/9024603,9024603,2026-04-22
AI Automation Engineer,Version 1,,,,,https://builtin.com/job/ai-automation-engineer/9023718,9023718,2026-04-22
Senior AI ML Engineer - Assistant Vice President,Citi,,,,,https://builtin.com/job/senior-ai-ml-engineer-assistant-vice-president/9011937,9011937,2026-04-22
"Senior Engineer – Cloud Native Platforms - Python, K8s, OpenStack, Edge AI",APTIV,,,,,https://builtin.com/job/senior-engineer-cloud-native-platforms-python-k8s-openstack-edge-ai/8986753,8986753,2026-04-22
Senior Software Design Quality Engineer - AI,Philips,,,,,https://builtin.com/job/senior-software-design-quality-engineer-ai/8901276,8901276,2026-04-22
Senior Software Engineer (AI-Native) (Pune),Nerdy,,,,,https://builtin.com/job/senior-software-engineer-ai-native-pune/9016160,9016160,2026-04-22
Data and AI support Engineer,Michelin,,,,,https://builtin.com/job/data-and-ai-support-engineer/9013394,9013394,2026-04-22
AI Platform Engineer (LLM / Agentic Systems),TaskUs,,,,,https://builtin.com/job/ai-platform-engineer-llm-agentic-systems/9012588,9012588,2026-04-22
Backend / Platform Engineer (AI Systems),TaskUs,,,,,https://builtin.com/job/backend-platform-engineer-ai-systems/9012567,9012567,2026-04-22
AI Architect / Lead Engineer (Agentic AI Platform),TaskUs,,,,,https://builtin.com/job/ai-architect-lead-engineer-agentic-ai-platform/9012560,9012560,2026-04-22
Data Engineer (AI Platform),TaskUs,,,,,https://builtin.com/job/data-engineer-ai-platform/9012551,9012551,2026-04-22
Senior AI Copilot Engineer,Bristol Myers Squibb,,,,,https://builtin.com/job/senior-ai-copilot-engineer/8950260,8950260,2026-04-22
AI Platform Engineer,eBay,,,,,https://builtin.com/job/ai-platform-engineer/8998829,8998829,2026-04-22
"Enterprise Cloud Software Engineer (Cloud Operations, AI Engineering, Azure/AWS)",Wolters Kluwer,,,,,https://builtin.com/job/enterprise-cloud-software-engineer-cloud-operations-ai-engineering-azure-aws/8718755,8718755,2026-04-22
Test Automation Engineer – AI Network & Observability Platform,Selector,,,,,https://builtin.com/job/test-automation-engineer-ai-network-observability-platform/9008351,9008351,2026-04-22
Full Stack Engineer (AI & Agentic AI Systems),Citi,,,,,https://builtin.com/job/full-stack-engineer-ai-agentic-ai-systems/9005852,9005852,2026-04-22
AI/ML Engineer - Vice President,Citi,,,,,https://builtin.com/job/ai-ml-engineer-vice-president/8700054,8700054,2026-04-22
"Data Engineer - Python, AI",Citi,,,,,https://builtin.com/job/applications-development-senior-programmer-analyst/8672606,8672606,2026-04-22
Senior Full Stack Developer - AI,Zensar Technologies,,,,,https://builtin.com/job/senior-full-stack-developer-ai/9004603,9004603,2026-04-22
Software Engineer Agentic AI,Barclays,,,,,https://builtin.com/job/software-engineer-agentic-ai/9001488,9001488,2026-04-22
Senior Cloud Data Engineer – AI Infrastructure,Chubb,,,,,https://builtin.com/job/senior-cloud-engineer-data-ai-infrastructure/9000626,9000626,2026-04-22
Senior Software Engineer - AI Platform & Cloud Services,AVEVA,,,,,https://builtin.com/job/senior-software-engineer-ai-platform-cloud-services/8964489,8964489,2026-04-22
Software Engineer - AI/ML,KLA,,,,,https://builtin.com/job/software-engineer-ai-ml/8998777,8998777,2026-04-22
"Senior Engineer, AI & Machine Learning",Edwards Lifesciences,,,,,https://builtin.com/job/senior-engineer-ai-machine-learning/8998119,8998119,2026-04-22
Senior Backend Engineer- AI Agents,Level AI,,,,,https://builtin.com/job/senior-backend-engineer/6183810,6183810,2026-04-22
"Senior Data Engineer – AI & Intelligent Automation, Vice president",State Street,,,,,https://builtin.com/job/senior-data-engineer-ai-intelligent-automation-vice-president/8674999,8674999,2026-04-22
Software Engineer (AI),NICE,,,,,https://builtin.com/job/software-engineer-ai/8993386,8993386,2026-04-22
Software Engineer (AI / Chatbot),NICE,,,,,https://builtin.com/job/software-engineer-ai-chatbot/8993351,8993351,2026-04-22
Python with Agentic AI & GenAI Engineer,Sutherland,,,,,https://builtin.com/job/python-agentic-ai-genai-engineer/8991595,8991595,2026-04-22
Lead AI Full Stack Developer - Fully Remote Opportunity,Zealogics LLC,,,,,https://builtin.com/job/lead-ai-full-stack-developer-fully-remote-opportunity/8987983,8987983,2026-04-22
AI Full Stack Developer (with Data) - Fully Remote Opportunity,Zealogics LLC,,,,,https://builtin.com/job/ai-full-stack-developer-data-fully-remote-opportunity/8987963,8987963,2026-04-22
AI/ML Engineer II,Precision Medicine Group,,,,,https://builtin.com/job/ai-ml-engineer-ii/8986197,8986197,2026-04-22
AI/ML Engineer II,Precision AQ,,,,,https://builtin.com/job/ai-ml-engineer-ii/8985935,8985935,2026-04-22
Sr Programmer Analyst Core Java Developer with Spring SQL with AI driven development tools,Citi,,,,,https://builtin.com/job/sr-programmer-analyst-core-java-developer-spring-sql-ai-driven-development-tools/8960897,8960897,2026-04-22
Salesforce AI & Agentic Engineer - 4+ Years,Zensar Technologies,,,,,https://builtin.com/job/esaas-sfdc-lightning-ui-javascript-development/8747462,8747462,2026-04-22
Python Software Engineer - Generative AI Products and Platform - Vice President,Citi,,,,,https://builtin.com/job/python-software-engineer-generative-ai-products-and-platform-vice-president/8926580,8926580,2026-04-22
Lead Software Engineer - AI Agents,Level AI,,,,,https://builtin.com/job/lead-software-engineer-ai-agents/8981828,8981828,2026-04-22
Staff Cloud and AI Integration Engineer,GE Healthcare,,,,,https://builtin.com/job/staff-cloud-and-ai-integration-engineer/8977817,8977817,2026-04-22
Senior Cloud and AI Integration engineer,GE Healthcare,,,,,https://builtin.com/job/senior-cloud-and-ai-integration-engineer/8977815,8977815,2026-04-22
Senior Cloud and AI integration Engineer,GE Healthcare,,,,,https://builtin.com/job/senior-cloud-and-ai-integration-engineer/8977816,8977816,2026-04-22
Gen AI-ML Engineer- Assistant Vice President,Citi,,,,,https://builtin.com/job/gen-ai-ml-engineer-assistant-vice-president/8890381,8890381,2026-04-22
Senior AI/ML Engineer - R01563571,Brillio,,,,,https://builtin.com/job/senior-ai-ml-engineer-r01563571/8975633,8975633,2026-04-22
"Senior Software Engineer, AI",AAXIS,,,,,https://builtin.com/job/senior-software-engineer-ai/8975067,8975067,2026-04-22
Full Stack Developer (AI Native),CLO Virtual Fashion,,,,,https://builtin.com/job/full-stack-developer-ai-native/8974409,8974409,2026-04-22
Software Development Engineer - AI / LLM Systems (Python Backend),Volga Partners,,,,,https://builtin.com/job/software-development-engineer-ai-llm-systems-python-backend/8971609,8971609,2026-04-22
Senior ML/AI Research Engineer,Cognyte,,,,,https://builtin.com/job/senior-ml-ai-research-engineer/8969252,8969252,2026-04-22
Senior AI Platform Engineer,SolarEdge Technologies,,,,,https://builtin.com/job/senior-ai-platform-engineer/8967743,8967743,2026-04-22
GTM Engineer - Automation and AI,Coralogix,,,,,https://builtin.com/job/gtm-engineer-automation-and-ai/8964594,8964594,2026-04-22
Data Engineer - AI,NucleusTeq,,,,,https://builtin.com/job/data-engineer-ai/8961730,8961730,2026-04-22
Senior ML Engineer (AI),Springer Nature,,,,,https://builtin.com/job/senior-ml-engineer-ai/8961481,8961481,2026-04-22
"Senior API Engineer (React, AEM, Cloud, DevOps & AI)",Zensar Technologies,,,,,https://builtin.com/job/senior-api-engineer-react-aem-cloud-devops-ai/8960928,8960928,2026-04-22
"Full Stack Developer | Golang, Node.js, Cloud (AWS), Microservices, AI Integration",Synechron,,,,,https://builtin.com/job/full-stack-developer/8689163,8689163,2026-04-22
Senior Engineer - AI,Manhattan Associates,,,,,https://builtin.com/job/senior-engineer-ai/8960331,8960331,2026-04-22
AI Applications Engineer — GTM,Oleria,,,,,https://builtin.com/job/ai-applications-engineer-gtm/8956797,8956797,2026-04-22
Lead Software Developer - AI,Innocap,,,,,https://builtin.com/job/lead-software-developer/8688847,8688847,2026-04-22
Digital Solutions - AI & Automation - Senior Developer (Boomi + Workato) (Location: India),Connor Group,,,,,https://builtin.com/job/digital-solutions-automation-analytics-senior-developer-location-india/7731179,7731179,2026-04-22
Sr. Software Engineer - AI/ML,KLA,,,,,https://builtin.com/job/sr-software-engineer-ai-ml/8940709,8940709,2026-04-22
Senior Software Engineer - Java/AI,Saviynt,,,,,https://builtin.com/job/senior-software-engineer-java-ai/8940320,8940320,2026-04-22
Lead AI/Data Science Engineer,Medtronic,,,,,https://builtin.com/job/lead-ai-data-science-engineer/8939569,8939569,2026-04-22
AI Solutions Engineer (YOE: Fresher - 02),Bolna,,,,,https://builtin.com/job/ai-solutions-engineer-early-career/8939517,8939517,2026-04-22
AI/Data Science Engineer II,Medtronic,,,,,https://builtin.com/job/ai-data-science-engineer-ii/8938541,8938541,2026-04-22
Senior Software Engineer (AI-Native) (Hyderabad),Nerdy,,,,,https://builtin.com/job/senior-software-engineer-ai-native-hyderabad/8928438,8928438,2026-04-22
AI Automation Engineer,LiveRamp,,,,,https://builtin.com/job/ai-automation-engineer/8928352,8928352,2026-04-22
AIML Engineer(Gen AI),A.P. Moller - Maersk,,,,,https://builtin.com/job/aiml-engineer-gen-ai/8925516,8925516,2026-04-22
Senior AI/ML Engineer - Simulation,A.P. Moller - Maersk,,,,,https://builtin.com/job/senior-ai-ml-engineer-simulation/8925497,8925497,2026-04-22
Digital Solutions - AI & Automation - Developer (Boomi + Workato) (Location: India),Connor Group,,,,,https://builtin.com/job/digital-solutions-automation-analytics-developer-location-india/7418541,7418541,2026-04-22
Senior Software Engineer (AI Applications),AlphaSense,,,,,https://builtin.com/job/senior-software-engineer-ai-applications/8917910,8917910,2026-04-22
AI/ML Engineer,KLA,,,,,https://builtin.com/job/ai-ml-engineer/8913871,8913871,2026-04-22
"Principal Developer, AI Detections",Arctic Wolf,,,,,https://builtin.com/job/principal-developer-ai-detections/8913372,8913372,2026-04-22
DevOps Engineer SE II - GCP & AI,Keywords Studios,,,,,https://builtin.com/job/devops-engineer-se-ii-gcp-ai/8903829,8903829,2026-04-22
Senior Data Engineer - AI/ML,Global Software Solutions Group,,,,,https://builtin.com/job/senior-data-engineer-ai-ml/8903139,8903139,2026-04-22
Senior Technology Engineer - AI/ML Platforms,Global Software Solutions Group,,,,,https://builtin.com/job/senior-technology-engineer-ai-ml-platforms/8903138,8903138,2026-04-22
Technology Engineer - AI/ML Platform,Global Software Solutions Group,,,,,https://builtin.com/job/technology-engineer-ai-ml-platform/8903126,8903126,2026-04-22
"Senior AI & Automation Engineer (6+ years Generative AI, Agentic AI, LLMs, Python, APIs, MCP)",Western Digital,,,,,https://builtin.com/job/senior-ai-automation-engineer-6-years-generative-ai-agentic-ai-llms-python-apis-mcp/8901309,8901309,2026-04-22
Senior Quality Engineer - AI Integrations,Arctic Wolf,,,,,https://builtin.com/job/quality-engineer-autosoc/8184039,8184039,2026-04-22
AI - Acceleration PowerApps Developer,Zensar Technologies,,,,,https://builtin.com/job/ai-acceleration-powerapps-developer/8899396,8899396,2026-04-22
